acc_x, acc_y, angular_z, stamp, 
0.012028157711029053,0.023052632808685303,-8.607789952967471e-11,1791577068765367758
-0.004185199737548828,-0.01632082462310791,-1.3131122751610619e-10,1791577068805458255
-0.018663227558135986,0.01411294937133789,-8.381428329324634e-11,1791577068835573058
-0.0057381391525268555,-0.017782092094421387,-5.102359823182658e-12,1791577068976136988
0.006977379322052002,0.029180526733398438,1.0250137790365667e-12,1791577069006240759
0.012335717678070068,-0.005371510982513428,-1.50405726449124e-12,1791577069036179339
-0.00712352991104126,-0.028221428394317627,-9.958268146788666e-13,1791577069068615258
0.0035785436630249023,-0.006936192512512207,-1.3509799801793128e-12,1791577069096248044
0.009176790714263916,-0.002874910831451416,-4.80092461990404e-12,1791577069126488938
0.012533307075500488,-0.01573789119720459,-1.9725195477591297e-12,1791577069156283020
0.0015540122985839844,0.002618849277496338,1.217147075414677e-11,1791577069186351729
-0.023753821849822998,0.0007535219192504883,-2.9646003160220604e-06,1791577069206457040
-0.016473591327667236,0.0010315179824829102,3.667490829232657e-11,1791577069236555552
-0.01097172498703003,0.022234976291656494,2.066755581444592e-11,1791577069266577694
0.010733306407928467,-0.008536279201507568,-2.31425165443798e-12,1791577069296660570
-0.039315879344940186,-0.01196962594985962,-8.446342928849486e-12,1791577069326691738
-0.024657607078552246,-0.0012610554695129395,-2.755539919179335e-11,1791577069356764757
-0.002538919448852539,0.024039626121520996,-6.105352598842739e-11,1791577069388976985
0.014017641544342041,0.020464837551116943,-5.7408123514031424e-11,1791577069419582212
0.02646195888519287,-0.012419462203979492,6.077872453391789e-12,1791577069447123358
-0.012734830379486084,0.039336442947387695,1.983495170224164e-06,1791577069507124557
0.05396854877471924,0.010480165481567383,2.1177294085996186e-10,1791577069537183878
0.012648403644561768,-0.009279727935791016,1.9842982680907073e-06,1791577069567226706
-0.003880321979522705,-0.02960193157196045,2.9521466187170777e-10,1791577069597323874
-0.014505326747894287,0.015884459018707275,1.9275886704093225e-06,1791577069628249481
0.032140493392944336,0.006647646427154541,2.1037569289783496e-10,1791577069660466851
0.03899264335632324,-0.002526581287384033,2.1366016468081522e-10,1791577069687565992
-0.00806194543838501,-0.029384076595306396,1.9818998198420633e-06,1791577069717642162
-0.01185917854309082,0.013864398002624512,4.3764880730240537e-11,1791577069747663553
-0.04220724105834961,0.019406676292419434,3.7695324898252525e-11,1791577069777719590
0.004466235637664795,0.0171700119972229,1.9796216439412593e-06,1791577069807829726
0.002438068389892578,-0.034823715686798096,3.594753736651617e-11,1791577069837870080
-0.03003031015396118,-0.014911234378814697,-2.2594300471293938e-11,1791577069868261834
-0.02999746799468994,0.011896729469299316,-1.2519442922668225e-11,1791577069900693024
0.027656614780426025,0.02664428949356079,2.1662098000619402e-06,1791577069928208685
0.00010877847671508789,-0.00997239351272583,-6.339715602309153e-11,1791577069958165112
-0.028687000274658203,-0.0022072792053222656,-7.407235760820138e-11,1791577069988339982
-0.010732114315032959,0.0014803409576416016,-6.400463877572088e-11,1791577070018434799
0.024993419647216797,0.01369774341583252,-5.130097130960962e-11,1791577070048391188
0.03574436902999878,-0.00011420249938964844,-7.518615601476882e-11,1791577070078629418
-0.02416670322418213,-0.03144633769989014,-1.2564167962271479e-10,1791577070107522457
-0.009608805179595947,-0.012535274028778076,-6.804220536754034e-11,1791577070139253024
0.02617967128753662,-0.0037181973457336426,4.6288112609135325e-12,1791577070171245445
0.032944321632385254,-0.009205102920532227,5.868355383314976e-11,1791577070198695582
-0.012225568294525146,-0.014048099517822266,1.3257542991822648e-10,1791577070228828354
-0.034047603607177734,0.014467716217041016,-1.983511818979734e-06,1791577070258874817
-0.02106839418411255,0.013515651226043701,-1.9797192274284088e-06,1791577070288978270
0.032571375370025635,0.0003821253776550293,-1.9762378292275784e-06,1791577070319135164
-9.131431579589844e-05,-0.03896421194076538,2.4274519531785393e-10,1791577070349246597
0.006815075874328613,0.011593222618103027,-1.9214100396312344e-06,1791577070380262389
-0.009593367576599121,0.02562391757965088,3.520812662285992e-10,1791577070412755693
0.0030475854873657227,0.009746313095092773,-2.242694195325737e-06,1791577070439329531
0.008008778095245361,0.018107175827026367,1.5971164428803918e-10,1791577070469375423
-0.022612392902374268,-0.008639693260192871,-1.9815251726508515e-06,1791577070499453812
-0.024316370487213135,0.0020163655281066895,-1.9793675815356214e-06,1791577070529565151
0.056487441062927246,0.013954877853393555,-2.843216212185039e-11,1791577070559586615
0.03307527303695679,-0.02000725269317627,-1.983402368073388e-06,1791577070589642218
-0.006815910339355469,-0.009775340557098389,-3.5097438387214505e-10,1791577070620288325
0.005847036838531494,0.010261595249176025,-1.8593861167039032e-06,1791577070652350080
0.007702291011810303,0.03700995445251465,-2.1619651603465873e-06,1791577070679924624
0.009229898452758789,0.014634549617767334,-1.9801320486007095e-06,1791577070710033264
-0.008631408214569092,-0.015443980693817139,-1.987121393757455e-06,1791577070740039013
-0.03942030668258667,0.01638484001159668,-1.981487600955889e-06,1791577070770129250
0.043278634548187256,0.0235903263092041,-5.81079910866126e-10,1791577070800278634
0.041204214096069336,-0.001513838768005371,-1.9679624557862256e-06,1791577070830575570
-0.007716715335845947,-0.021129250526428223,-1.9774625681478202e-06,1791577070860727622
-0.04150545597076416,-0.0046759843826293945,-1.8686741375237566e-06,1791577070892628284
-0.0023000240325927734,0.02276289463043213,-0.0005254557360378397,1791577070920419056
1.0508743524551392,0.2552986145019531,0.019404111706342334,1791577070950455578
1.000441551208496,-0.1941571831703186,0.1306744421646133,1791577070980477031
1.3482829332351685,0.3508605360984802,0.14183305006419158,1791577071010611980
0.9021013975143433,0.28432345390319824,0.1807185398990476,1791577071040622415
0.37808334827423096,-0.33183175325393677,0.2690572060032219,1791577071070746091
0.47115010023117065,0.34127962589263916,0.32130220040130064,1791577071100827294
0.5488088130950928,0.08161914348602295,0.2838206548734191,1791577071132670446
0.7611271739006042,-0.16700518131256104,0.3167131678665292,1791577071163726610
0.9693139791488647,0.6035054922103882,0.38598033369209384,1791577071191133739
0.9416049718856812,-0.5145164728164673,0.34511406161825436,1791577071221132851
0.4522358775138855,0.07326781749725342,0.4058080747582335,1791577071251218635
1.0420708656311035,0.4909370541572571,0.4782648905215225,1791577071281224659
0.19781029224395752,0.11402136087417603,0.4960131629974286,1791577071311345682
0.2247338891029358,0.33174657821655273,0.49117254582700065,1791577071341390360
-0.04316002130508423,0.26520174741744995,0.45941664791309017,1791577071373162896
-0.32364630699157715,-0.054301440715789795,0.4650029880604966,1791577071404742025
-0.25185710191726685,0.2932569980621338,0.5422246924965664,1791577071431606129
0.10987222194671631,0.16384881734848022,0.5095278789631628,1791577071460650195
0.23158013820648193,-0.09289944171905518,0.49931930305416033,1791577071491730671
0.6846703290939331,0.5264945030212402,0.49582237980823063,1791577071521795074
-0.24993664026260376,-0.10475575923919678,0.4415613545562846,1791577071551887369
0.4196663498878479,-0.060417115688323975,0.4964796043719526,1791577071582092577
-0.2706700563430786,0.7377185225486755,0.5034126720754221,1791577071612455774
0.09308868646621704,-0.06709486246109009,0.45989099747540685,1791577071644354391
-0.5155453085899353,0.10501813888549805,0.533996770362881,1791577071672197918
0.3806549906730652,0.14054566621780396,0.506852948694309,1791577071702184651
0.0699225664138794,0.12422555685043335,0.49106904871718526,1791577071732280237
0.29559624195098877,-0.07532662153244019,0.49600764691186117,1791577071762360946
0.19950026273727417,-0.07980811595916748,0.490895242425175,1791577071792408904
-0.33139950037002563,-0.0801767110824585,0.4833909822480367,1791577071822503380
0.6631311178207397,-0.11721932888031006,0.5038292124450434,1791577071852481592
-0.14372998476028442,0.31988292932510376,0.46020192441746266,1791577071884848743
0.11721456050872803,-0.38505440950393677,0.49331474054402735,1791577071915489875
-0.2212895154953003,0.7226275205612183,0.5627959617972148,1791577071942836353
0.9236580729484558,0.11637639999389648,0.5042884186952424,1791577071972886913
-0.02579730749130249,-0.0707082748413086,0.5034671815181451,1791577072002959274
0.17046064138412476,0.269428551197052,0.5085040885667291,1791577072032956867
-0.16770339012145996,0.04342317581176758,0.47451406317439154,1791577072063278954
0.020436108112335205,0.017622828483581543,0.4882343717789051,1791577072093164630
0.4777609705924988,0.23367559909820557,0.461952433409823,1791577072124675158
0.18134033679962158,0.40501856803894043,0.4353337557129712,1791577072156437808
-0.22400152683258057,-0.14011579751968384,0.545917337324246,1791577072183330305
0.18667620420455933,0.5148500800132751,0.5331123589732958,1791577072213425540
0.5060614347457886,0.12728476524353027,0.5196747011846952,1791577072243457786
-0.08622026443481445,0.3878887891769409,0.49587408289756396,1791577072273651007
-0.03023141622543335,0.17538398504257202,0.511300881834361,1791577072303581142
-0.3493661880493164,-0.17863613367080688,0.5414049962654964,1791577072332709688
0.07952213287353516,0.3622581958770752,0.493771302699142,1791577072364554442
0.49679499864578247,-0.07297682762145996,0.46333865787728995,1791577072396909131
0.24459034204483032,-0.1464129090309143,0.5703665124667122,1791577072423884953
0.335157573223114,0.418464720249176,0.5047568723549717,1791577072453010782
-0.18644505739212036,-0.3763422966003418,0.470908929217537,1791577072484159951
-0.06404620409011841,0.18177032470703125,0.49956002394912363,1791577072514163516
-0.17899155616760254,0.12631148099899292,0.5275411782743851,1791577072544247922
0.17534470558166504,0.1644929051399231,0.5145964016646064,1791577072575141581
-0.6489877700805664,0.21664643287658691,0.4720066719351074,1791577072605208781
-0.035952210426330566,-0.21496570110321045,0.46138056486817425,1791577072636388354
0.016815781593322754,0.07980245351791382,0.4369631325333097,1791577072668141697
-0.33057326078414917,0.049618661403656006,0.5397110792039402,1791577072695192556
-0.17162728309631348,0.05142855644226074,0.5033710715521336,1791577072725127376
0.13581889867782593,0.1047210693359375,0.44341498206564406,1791577072747612274
0.20661157369613647,0.28239887952804565,0.5074103298092931,1791577072785309998
-0.24563544988632202,-0.008518457412719727,0.4822145985497719,1791577072815183044
0.08805572986602783,-0.1703738570213318,0.5101938177890178,1791577072845576743
-0.554775595664978,0.5227662324905396,0.5198974436667344,1791577072876365695
0.6932504177093506,0.21188700199127197,0.4795492895491017,1791577072907977211
-0.1619458794593811,-0.09012454748153687,0.5264938938764216,1791577072935723548
-0.33801740407943726,0.35873621702194214,0.5225264483957234,1791577072965338916
0.34760457277297974,-0.28255248069763184,0.5663827582564782,1791577073025509859
0.2092624306678772,0.26940494775772095,0.5051775458424836,1791577073055347586
-0.38447505235671997,-0.6617385745048523,0.4490278328997685,1791577073116642390
-0.3936207890510559,0.44261544942855835,0.4629157267182511,1791577073148740848
0.2539554238319397,-0.04052180051803589,0.5627325350771408,1791577073175737731
-0.20580071210861206,-0.22322118282318115,0.5100484703842356,1791577073204723529
-0.2319539189338684,0.33709144592285156,0.47534701867265655,1791577073234766342
-0.355574369430542,-0.15141862630844116,0.4540483912528432,1791577073265886853
0.8370189070701599,-0.02315819263458252,0.47368791178229636,1791577073295950359
0.08457434177398682,-0.12385588884353638,0.5097571052460185,1791577073357154652
-0.5510889291763306,0.1657482385635376,0.48482747750479627,1791577073388449885
0.127793550491333,0.23102355003356934,0.5149853649903713,1791577073416261387
0.08577603101730347,-0.36742496490478516,0.4741486195814191,1791577073446352726
-0.33425140380859375,0.11421442031860352,0.5156047767308565,1791577073476323964
0.28560733795166016,0.5282630920410156,0.5187900197635331,1791577073506449059
-0.28978997468948364,-0.12145942449569702,0.49099996626506126,1791577073536717077
0.44951385259628296,0.16237252950668335,0.5023572734950378,1791577073566617299
-0.4230051636695862,0.2787514328956604,0.5113679514014133,1791577073596661246
0.03981417417526245,0.17522519826889038,0.4793513552068926,1791577073628472353
0.36170482635498047,0.05807328224182129,0.5705634805282456,1791577073687164454
-0.048230528831481934,0.532694935798645,0.4988437121903378,1791577073717132171
-0.3312918543815613,-0.15776145458221436,0.4853544448847335,1791577073747215002
0.09507668018341064,0.05497187376022339,0.5211464988364028,1791577073777072677
0.4786834716796875,0.11103636026382446,0.4748866281823389,1791577073837218986
-0.4215086102485657,-0.18824976682662964,0.43317659169619593,1791577073868908089
-0.2655410170555115,0.07836830615997314,0.47573949599701065,1791577073900461417
0.12503159046173096,0.49114692211151123,0.5456103268590566,1791577073927440036
0.21010124683380127,-0.3931020498275757,0.49013458917418296,1791577073957450397
-0.021639466285705566,0.04461324214935303,0.5155600078736949,1791577073987570132
-0.13448160886764526,0.3597180247306824,0.5294554175637811,1791577074017593603
0.16265422105789185,-0.4448968768119812,0.4981477033406041,1791577074047668306
-0.2920076251029968,0.29113733768463135,0.531748727961853,1791577074076982400
0.08359032869338989,-0.14101052284240723,0.48398176563019274,1791577074108487605
-0.7260594964027405,0.367465078830719,0.46427627221783574,1791577074140769180
0.15565067529678345,0.20524483919143677,0.5492262708809091,1791577074168131641
-0.04339569807052612,-0.03662455081939697,0.5214444269927848,1791577074197014464
0.03501671552658081,0.18336623907089233,0.4811280455672015,1791577074228109003
0.46730995178222656,0.4202265739440918,0.49100903497519566,1791577074258169862
-0.36579078435897827,0.018586575984954834,0.5009925038904461,1791577074288290599
-0.18213027715682983,0.11247497797012329,0.4845202381431576,1791577074318295694
-0.18230748176574707,0.7809038758277893,0.4627587048983089,1791577074348487336
-0.7423554062843323,-0.6568883657455444,0.44904433060486354,1791577074380916188
-0.2506393790245056,-0.031206846237182617,0.5455966166385428,1791577074408900449
-0.031053125858306885,0.5912221670150757,0.503611662366107,1791577074438640966
-0.15704435110092163,-0.005580902099609375,0.4611178027649242,1791577074468776072
-0.1987496018409729,-0.044350504875183105,0.46667441481794275,1791577074498843066
-0.3048146367073059,0.26028692722320557,0.49333581465844406,1791577074527829567
0.043381333351135254,-0.10259264707565308,0.4739127763842593,1791577074558911448
-0.149990975856781,0.19897127151489258,0.5281184998680745,1791577074587988119
0.716934323310852,-0.004787027835845947,0.4649522805771425,1791577074620508570
0.060837745666503906,0.3286626935005188,0.45954913033865313,1791577074651949042
-0.2193184494972229,-0.20555144548416138,0.5374691284911043,1791577074679184970
0.10888057947158813,-0.003212571144104004,0.5439520765303658,1791577074709271394
-0.5875174403190613,-0.11918461322784424,0.517831940092412,1791577074739292256
0.1587124466896057,0.3025869131088257,0.47833350850819,1791577074769402987
-0.4844151735305786,-0.1014356017112732,0.4774147290228177,1791577074799429028
-0.12038403749465942,-0.3243420124053955,0.5041785501954623,1791577074829558475
-0.13505584001541138,0.3821204900741577,0.4769500170143929,1791577074860552649
0.980134904384613,-0.23669666051864624,0.4458876559563057,1791577074893192831
-0.017104685306549072,0.05529224872589111,0.572703261193111,1791577074919709538
-0.06259751319885254,0.305294394493103,0.49873206282263166,1791577074949790946
0.1791306734085083,-0.2909201979637146,0.48665138369873784,1791577074978839447
-0.1644275188446045,0.14170211553573608,0.47034863170519964,1791577075009965231
0.3407149910926819,0.3896822929382324,0.5442733504471843,1791577075038985380
-0.5893499255180359,0.2614096999168396,0.4720599390406477,1791577075070733870
0.15852832794189453,-0.0018129348754882812,0.46699894016578053,1791577075100866284
-0.3654933571815491,0.19538015127182007,0.4464419600504164,1791577075132825165
0.14222359657287598,-0.01705247163772583,0.530974178045569,1791577075160323254
-0.24910634756088257,0.2798048257827759,0.503160638666275,1791577075190321524
0.2806933522224426,-0.05854535102844238,0.5016568307325473,1791577075220401159
-0.1416938304901123,-0.09069466590881348,0.4847750392346288,1791577075250455120
0.38904625177383423,0.5311700105667114,0.4782679143333309,1791577075280515005
0.35343074798583984,-0.2580929398536682,0.47492060792505447,1791577075310610448
-0.5023085474967957,0.290325403213501,0.5101610294611029,1791577075341251651
-0.08800381422042847,-0.05399215221405029,0.4860796795172992,1791577075374362137
-0.3889586329460144,0.042660534381866455,0.5536002396285346,1791577075403480998
-0.3206171989440918,0.12161761522293091,0.5475076085564275,1791577075431046239
-0.4087010622024536,-0.3814430236816406,0.5003322315221544,1791577075460960502
-0.09019750356674194,0.17156708240509033,0.5148613284151509,1791577075491096826
0.17564129829406738,0.09434431791305542,0.5186266440764459,1791577075521220130
0.4955040216445923,-0.1492951512336731,0.528715806658372,1791577075551228863
0.06144607067108154,0.2322353720664978,0.49291094517508977,1791577075581283054
0.18237483501434326,0.2544180154800415,0.46592138385998694,1791577075612857492
-0.5532855987548828,-0.0019997358322143555,0.5917236195907508,1791577075671472236
-0.06772518157958984,-0.12333273887634277,0.3973964325178969,1791577075725049513
-0.0813785195350647,-0.19042479991912842,0.5237018743755514,1791577075761669640
0.3614041805267334,-0.1645435094833374,0.4712465446386732,1791577075821840391
0.046816468238830566,0.18302088975906372,0.45838437220326594,1791577075853307802
0.3545340299606323,0.4729745388031006,0.47252726274101586,1791577075884625772
-0.10694438219070435,-0.06990957260131836,0.5268446134886149,1791577075912061663
-0.32761281728744507,-0.1924220323562622,0.49355661557456276,1791577075942094835
-0.37526124715805054,0.3664447069168091,0.5136556706547354,1791577075972155770
-0.5342569351196289,-0.3753315806388855,0.49704735423890223,1791577076002248410
-0.18695008754730225,0.11900317668914795,0.48951539137317435,1791577076032314705
-0.3371453881263733,0.19320756196975708,0.5197953141157255,1791577076062403167
-0.12004661560058594,-0.4575284719467163,0.5231238841452237,1791577076092774953
-0.019105076789855957,0.06277108192443848,0.48012277495253297,1791577076124645030
0.3276621103286743,0.04019021987915039,0.49858640974199664,1791577076154525495
-0.07235062122344971,0.0315435528755188,0.5156219497330198,1791577076192749302
-0.7186499834060669,0.16100937128067017,0.4695631964850181,1791577076222936241
-0.5186551213264465,0.1622633934020996,0.4767277115570846,1791577076252921305
0.13661658763885498,0.11304408311843872,0.48814097220153124,1791577076283665531
-0.5187003016471863,0.14868080615997314,0.469038670965936,1791577076315505865
0.09921896457672119,0.118069589138031,0.5341428957481221,1791577076352021665
-0.4263012409210205,-0.028069257736206055,0.44959955377514277,1791577076383127091
0.02231663465499878,0.21224278211593628,0.493887872387784,1791577076413242656
-0.4040532112121582,0.13266658782958984,0.4656624215793454,1791577076444854061
0.41463226079940796,-0.2009660005569458,0.4690688828323963,1791577076476602593
0.058387815952301025,0.4719651937484741,0.5412182316485677,1791577076503414773
-0.011470139026641846,0.2469475269317627,0.49238587213272117,1791577076533424073
0.010165870189666748,-0.1564287543296814,0.506955969209833,1791577076563572984
-0.6747679710388184,0.3337365388870239,0.5237424488809423,1791577076593586667
0.4473001956939697,-0.2147313356399536,0.49937072665740423,1791577076623776967
-0.526185929775238,-0.010126113891601562,0.4875615268806854,1791577076653755126
-0.4144904613494873,0.04001086950302124,0.48991941311304926,1791577076685163911
-0.3375285863876343,-0.1444951295852661,0.5228028044877433,1791577076716101971
0.6625199317932129,-0.016317367553710938,0.5966537642906041,1791577076742990805
0.24787235260009766,-0.01340872049331665,0.47911683232892177,1791577076774046888
0.0658341646194458,0.20309269428253174,0.4940008268531576,1791577076804097531
-0.20261430740356445,-0.33339226245880127,0.48487961401111446,1791577076834171305
0.0003941655158996582,0.30312788486480713,0.4818054961071423,1791577076864309994
0.3185997009277344,0.34080052375793457,0.48520974869911637,1791577076894473976
-0.5554115176200867,-0.37781858444213867,0.47345943175202565,1791577076925126497
-0.10386109352111816,0.6763319373130798,0.467748357303662,1791577076956616148
-0.037828683853149414,0.08862310647964478,0.5306935042658234,1791577076984583307
0.33531653881073,-0.23941469192504883,0.47778291606663364,1791577077015182593
-0.11303967237472534,0.3893410563468933,0.4935994514973096,1791577077045226470
-0.16857320070266724,-0.023248016834259033,0.4707651028759162,1791577077066777586
-0.05113476514816284,-0.05837506055831909,0.5212568944543903,1791577077105433006
0.012714505195617676,0.21846044063568115,0.5027876723820297,1791577077135280135
0.15184295177459717,0.34448158740997314,0.4641108336628246,1791577077165375578
-0.8248847126960754,-0.007376730442047119,0.45450255876929846,1791577077197306097
0.6912934184074402,0.21896934509277344,0.520993850404332,1791577077227741817
-0.906177818775177,0.05963367223739624,0.5520907203294446,1791577077255502098
0.015114367008209229,0.00600278377532959,0.4873191250234711,1791577077285443496
0.4082239866256714,0.054358482360839844,0.39518794280839914,1791577077308802943
-0.30515623092651367,-0.1412331461906433,0.5606515190804325,1791577077345513199
-0.19873970746994019,0.20816075801849365,0.5218805804373493,1791577077375565279
0.4904462695121765,-0.2085685133934021,0.5226185457391724,1791577077405578242
0.3253926634788513,0.2400227189064026,0.49817936554135717,1791577077436725477
-0.09371030330657959,-0.09266108274459839,0.469488458971335,1791577077468841159
0.5787521600723267,0.2533746361732483,0.5615320820871303,1791577077495757562
-0.6079868674278259,0.5133379697799683,0.5014863174188285,1791577077525729395
0.13757818937301636,-0.009787797927856445,0.4936388907079115,1791577077555809763
-0.8208343982696533,0.17077010869979858,0.47879177011834667,1791577077585928500
0.1711825728416443,0.011028766632080078,0.5122285923287153,1791577077613995881
-0.38518184423446655,0.3158780336380005,0.4592908924866723,1791577077646084534
0.349692702293396,-0.08243805170059204,0.4741716677497946,1791577077676939918
0.09108114242553711,0.17131870985031128,0.43217467104759094,1791577077709116874
0.4790000319480896,0.5154356956481934,0.5330162818153642,1791577077736301692
0.18764907121658325,-0.35563576221466064,0.5097772552091863,1791577077766336603
-0.28310537338256836,0.7464811205863953,0.5159011623082081,1791577077796393566
-0.0954236388206482,-0.19787204265594482,0.4892234524957895,1791577077826465920
-0.953827440738678,-0.11874580383300781,0.49416881469571855,1791577077856554577
-0.34671491384506226,0.27259743213653564,0.4967065620505418,1791577077886686803
-0.3149832487106323,0.07883840799331665,0.49655826254506913,1791577077916715311
0.013742625713348389,-0.18267065286636353,0.4661167940520958,1791577077947993383
-0.13693773746490479,0.004940807819366455,0.49482342280416336,1791577077978805336
0.267109215259552,0.4988313913345337,0.5402747853013096,1791577078007220302
-0.5022417902946472,-0.23280692100524902,0.4844791518148364,1791577078037060106
0.2851005792617798,0.23557311296463013,0.5003529369700006,1791577078067160878
0.3749791383743286,0.35309702157974243,0.49944001539632915,1791577078097117288
-0.32931745052337646,-0.5619285106658936,0.4956649463576907,1791577078127175628
0.1590908169746399,0.1485043168067932,0.5154359455854886,1791577078157318345
-0.185560405254364,-0.021848022937774658,0.4833604761545444,1791577078188836824
0.33599305152893066,0.18717461824417114,0.44045761027197405,1791577078221173206
-0.41831302642822266,0.16662883758544922,0.5418794689598903,1791577078247536862
-0.1577039361000061,0.12488192319869995,0.5093485019918793,1791577078277537327
-0.1263200044631958,0.4229855537414551,0.48809770499794497,1791577078307636385
0.558322548866272,-0.28648173809051514,0.47021785787631265,1791577078337641615
-0.10048609972000122,0.059077322483062744,0.4851908830103556,1791577078367759222
-0.2905423045158386,-0.11706727743148804,0.5164958942373222,1791577078397865128
0.3239096999168396,0.4521995186805725,0.48853246826927305,1791577078428696279
-0.16477692127227783,-0.0823969841003418,0.4729113568669472,1791577078460719081
0.7033427953720093,0.0831257700920105,0.5870598712258616,1791577078487112595
-0.4061250686645508,0.4883328080177307,0.4810235297962734,1791577078518130567
0.13522237539291382,0.17581182718276978,0.49770990460424164,1791577078548167568
-0.4576382040977478,0.38273316621780396,0.5139272738557291,1791577078578237394
0.8084665536880493,0.3170256018638611,0.5310775045405156,1791577078608315884
-0.5051113963127136,0.2013046145439148,0.4805466048677739,1791577078638405752
-0.22582823038101196,0.07930278778076172,0.46423385299980097,1791577078669222367
-0.04388391971588135,0.030458152294158936,0.4842828413283403,1791577078700721124
-0.12143021821975708,0.24009323120117188,0.5466365408652386,1791577078728767170
0.24102473258972168,0.02643221616744995,0.48622002429763256,1791577078758842266
0.10363155603408813,-0.16351401805877686,0.5014541177489424,1791577078788111974
0.1166415810585022,0.45868879556655884,0.4857312801774104,1791577078848915485
-0.03855931758880615,-0.04038345813751221,0.4609867852261545,1791577078878955481
-0.8397942185401917,0.14445465803146362,0.4919593421090134,1791577078909048385
0.4649880528450012,0.4601460099220276,0.4736561698828638,1791577078940872768
-0.5580644011497498,-0.020068049430847168,0.44970680350277076,1791577078971322923
0.10695302486419678,-0.04240375757217407,0.509955452797653,1791577078999486684
0.03777998685836792,0.18360763788223267,0.5061474872229423,1791577079029313956
0.2554013133049011,-0.025887250900268555,0.5477265152200024,1791577079079427799
0.7376827001571655,0.10636144876480103,0.515846167973347,1791577079139864801
-0.18522006273269653,-0.02966529130935669,0.5059832609602093,1791577079199836800
-0.31010711193084717,-0.1443217396736145,0.5051050373457102,1791577079230048922
0.4037727117538452,0.19292479753494263,0.468401184552389,1791577079293199311
-0.23993957042694092,0.24062758684158325,0.5479708761046725,1791577079320180990
0.3589126467704773,-0.21152526140213013,0.4998887708078691,1791577079350063514
-0.0658578872680664,0.2858712673187256,0.4898582736178654,1791577079380095653
0.628912627696991,0.5167927145957947,0.49457136646656796,1791577079410215625
-0.6413790583610535,-0.2620541453361511,0.49091647661966203,1791577079440435848
-0.018001854419708252,0.4020652770996094,0.4957470635268707,1791577079470593824
-0.21359801292419434,0.3683187961578369,0.4833217338846285,1791577079501192956
0.10335272550582886,-0.26306015253067017,0.4831915835825168,1791577079532946083
-0.0200577974319458,0.5145921111106873,0.5267733313928139,1791577079560626347
-0.04009604454040527,0.31889891624450684,0.46222335961791144,1791577079590860428
-0.14362084865570068,0.5917784571647644,0.5160374944412942,1791577079650967999
0.15899956226348877,0.46286869049072266,0.4911187833043555,1791577079680866321
0.041382431983947754,0.5017151832580566,0.5101343105983489,1791577079741187473
-0.34854018688201904,0.08181029558181763,0.5103680645596692,1791577079771971132
0.2984481453895569,-0.20061320066452026,0.47743095629700355,1791577079853191869
0.1726875901222229,0.17881107330322266,0.47642934766611966,1791577079884450851
0.2328329086303711,0.2410438060760498,0.5096472333079848,1791577079951468096
-0.21203190088272095,0.3019908666610718,0.5093915312013367,1791577079981569017
0.03833425045013428,-0.29537540674209595,0.45247676339669757,1791577080013297289
-0.3563372492790222,0.12643074989318848,0.4613923676953699,1791577080044341414
-0.01775491237640381,0.07378196716308594,0.5465945110177298,1791577080071052777
-0.13552945852279663,0.22031259536743164,0.47353247088361794,1791577080101818125
-0.058790743350982666,0.0588526725769043,0.4974018382807702,1791577080131879575
-0.3718329668045044,0.29913461208343506,0.5161155291004392,1791577080161893255
0.8151214718818665,-0.0007155537605285645,0.5060959918532186,1791577080192069801
-0.051665425300598145,0.5443570017814636,0.47479434625968964,1791577080222043755
-0.29482460021972656,-0.3261699080467224,0.4920951213004449,1791577080251924621
-0.10117286443710327,0.13452202081680298,0.4700256594967609,1791577080284938087
0.1393563151359558,0.45240646600723267,0.560418463457419,1791577080312040185
0.3341023921966553,0.10609114170074463,0.48375516782944994,1791577080342377984
-0.2710859775543213,0.190596342086792,0.4101302168478082,1791577080366499998
-0.1737106442451477,0.5680371522903442,0.5121653504421836,1791577080432581189
-0.26574230194091797,0.28472983837127686,0.5006115037231358,1791577080493193932
-0.08201581239700317,0.5572208166122437,0.44820195195891466,1791577080525659814
-0.3714858889579773,-0.24662059545516968,0.49491735362702566,1791577080554975876
-0.21927446126937866,0.18605059385299683,0.5530479857863625,1791577080582878471
0.13355445861816406,0.7706210613250732,0.5042972483727649,1791577080613142315
-0.22253143787384033,-0.7593014240264893,0.5048052903476961,1791577080642014752
0.17211663722991943,0.22022533416748047,0.4735276816254153,1791577080673128554
-0.3925507068634033,0.28743886947631836,0.49788106771108276,1791577080703286846
0.2754477858543396,-0.09125298261642456,0.48788466160113464,1791577080733489594
-0.4407883882522583,0.3419819474220276,0.4592290807372768,1791577080764887854
0.15043318271636963,0.10768646001815796,0.4733475539049162,1791577080795984843
-0.238145112991333,0.1498645544052124,0.5098753361600873,1791577080823506886
0.21513420343399048,0.4012410640716553,0.46836868283646477,1791577080853586928
-0.027163326740264893,-0.1512395739555359,0.5007450793711253,1791577080883662489
-0.11712539196014404,0.5474812984466553,0.5092827450974792,1791577080904121726
0.18133550882339478,0.46735185384750366,0.5348012111549368,1791577080933002611
-0.5435119271278381,-0.18359839916229248,0.4785701057405182,1791577080963814029
0.7684603333473206,0.48540937900543213,0.510084338424589,1791577080993846595
-0.24883824586868286,0.08494991064071655,0.48852752663945503,1791577081023910331
-0.1366502046585083,-0.039274513721466064,0.49165381398971136,1791577081054041725
-0.26351386308670044,0.16271615028381348,0.4874781830083569,1791577081085235076
0.01575601100921631,-0.08749127388000488,0.5005714979882935,1791577081117170684
0.34666162729263306,0.2875107526779175,0.5649583755824157,1791577081144302177
-0.054277896881103516,-0.1172020435333252,0.49890516090631976,1791577081174361509
0.4016438126564026,-0.007868945598602295,0.5340221274217528,1791577081204407873
-0.24063318967819214,0.3660712242126465,0.5317768552215612,1791577081234438109
-0.33726972341537476,0.04935580492019653,0.4643613184496924,1791577081294584325
0.0586124062538147,-0.06235945224761963,0.48663329993347104,1791577081324970371
-0.1972029209136963,0.7178553938865662,0.4525829804917564,1791577081357383560
0.39363938570022583,-0.14186418056488037,0.5136423712600021,1791577081385181358
0.02310657501220703,0.13073599338531494,0.48120269456142367,1791577081415860175
-0.059791624546051025,0.6023097634315491,0.49957725346517756,1791577081445630921
-0.04832196235656738,-0.1718916893005371,0.47864834399054507,1791577081475944417
0.05974942445755005,0.36646658182144165,0.5115178706384146,1791577081505605504
0.3844304084777832,0.19290387630462646,0.5028239124313163,1791577081535785692
-0.3356437683105469,0.6390707492828369,0.492076325855193,1791577081565704602
0.055256664752960205,0.18824952840805054,0.4736704394434692,1791577081597244546
-0.05630773305892944,0.28551143407821655,0.5036579300479965,1791577081627853831
-0.0658760666847229,0.12785327434539795,0.5311100773934542,1791577081656530701
-0.05278080701828003,0.41589826345443726,0.5201122252087879,1791577081684983749
0.09764951467514038,0.40524667501449585,0.4827881120812157,1791577081716170650
-0.46543580293655396,0.2755187749862671,0.5020012153823931,1791577081745893469
-0.015522241592407227,0.4321468472480774,0.4971368143348061,1791577081776093587
-0.23190820217132568,0.39176833629608154,0.5035663615670022,1791577081836903523
0.2298516035079956,0.5187729597091675,0.4666941756953941,1791577081869553378
0.06405073404312134,0.31750714778900146,0.5255342326160405,1791577081906044572
0.019279181957244873,0.1053546667098999,0.4791525615000951,1791577081936072850
-0.3847723603248596,0.4243171811103821,0.4954800741151734,1791577081966131900
0.3868516683578491,0.22306931018829346,0.49110705829288326,1791577081996338082
-0.4348096251487732,0.25132930278778076,0.4410686186328737,1791577082029161690
-0.12931472063064575,0.21893256902694702,0.517042672114871,1791577082056535528
0.45505833625793457,0.053860485553741455,0.4550881732662779,1791577082086730648
-0.49467217922210693,-0.036171019077301025,0.49684362202358534,1791577082116530963
-0.3535810112953186,0.45833534002304077,0.5370753296218097,1791577082146580437
0.2047274112701416,-0.05190998315811157,0.5317157406371998,1791577082176850208
0.06766825914382935,0.01987391710281372,0.48400615769974487,1791577082206724120
0.16833019256591797,0.31733208894729614,0.5031669838018236,1791577082237268748
-0.020442843437194824,-0.2595261335372925,0.4974701205441593,1791577082268949370
-0.5909608602523804,0.542956531047821,0.5230537473816897,1791577082299084299
-0.5635263323783875,0.027643859386444092,0.5465502689557331,1791577082326014258
-0.37214237451553345,-0.33395010232925415,0.4670802267105023,1791577082357038010
-0.6538500189781189,0.46896106004714966,0.4893932981201784,1791577082387176320
0.07294100522994995,0.11430060863494873,0.48853031235690936,1791577082417273290
-0.1192314624786377,0.08654367923736572,0.5265461892363262,1791577082446227679
-0.10917460918426514,0.41963469982147217,0.4915910952529282,1791577082477359369
0.4823343753814697,0.5184172987937927,0.4590222680526866,1791577082509513121
-0.09060066938400269,0.12918829917907715,0.4769511450842067,1791577082540397371
-0.5133305788040161,0.23603856563568115,0.570466533023235,1791577082567635149
-1.52457594871521,0.21093732118606567,0.5134583940433706,1791577082597608989
0.22398388385772705,0.044272422790527344,0.48118763935416153,1791577082627668714
-0.47153782844543457,0.38575613498687744,0.4888561284869314,1791577082657703099
-0.07308149337768555,-0.11813431978225708,0.5020735997771352,1791577082687803638
-0.03330451250076294,0.20327329635620117,0.4551647784870546,1791577082717895673
0.03606647253036499,0.17138630151748657,0.4484165432422441,1791577082748952866
0.18770551681518555,0.14235693216323853,0.46425757363143894,1791577082781038298
-0.2620071768760681,0.41949301958084106,0.5604346234982039,1791577082808182580
-0.037675678730010986,-0.23412549495697021,0.4859498429712379,1791577082838134054
-1.8537160158157349,0.3258465528488159,0.48516987180271504,1791577082868234760
0.05824899673461914,-0.31126004457473755,0.5371008839200974,1791577082897254011
-0.5054771900177002,0.4031001329421997,0.496463478503783,1791577082928429434
-0.2258455753326416,0.14427655935287476,0.5136441774313611,1791577082958484206
0.3558012843132019,-0.10156220197677612,0.5032963197882154,1791577082989140072
-0.18924593925476074,0.22162842750549316,0.4649333126938573,1791577083021372249
0.1353277564048767,0.060199201107025146,0.543947812319176,1791577083048736111
0.05551314353942871,0.32016676664352417,0.518550894143456,1791577083078706458
-0.46038371324539185,-0.325089693069458,0.4960531804583332,1791577083108807279
-0.8441859483718872,0.8150573372840881,0.49290289240212143,1791577083137990778
-0.057721734046936035,0.22356736660003662,0.4959096733225816,1791577083168978534
-0.44346362352371216,-0.022348880767822266,0.5255355921130931,1791577083197990234
-0.2968733310699463,0.7381048798561096,0.4977953665651519,1791577083229272266
0.4462434649467468,0.15865951776504517,0.4709298733960001,1791577083260064538
-0.2861718535423279,-0.18491584062576294,0.4719159655813172,1791577083290342417
-0.24128937721252441,0.4930459260940552,0.49389910311943536,1791577083319345910
-0.22310304641723633,0.40656572580337524,0.48183195889773506,1791577083348994142
1.0350311994552612,-0.18115538358688354,0.4645162447404401,1791577083379576581
1.067864179611206,0.49213647842407227,0.4793907592758774,1791577083409703990
0.5557961463928223,0.7201082706451416,0.46879364930278644,1791577083439904254
-0.4870902895927429,-0.6525862216949463,0.4755989026616575,1791577083469807679
-0.14509862661361694,0.6445966958999634,0.4924452839677056,1791577083500954258
0.12451118230819702,0.2884342074394226,0.508853122502299,1791577083532969661
0.04889559745788574,-0.06025540828704834,0.5662353332917677,1791577083560476070
-0.3815886378288269,0.40033668279647827,0.5030599889013189,1791577083590546706
-0.4138396978378296,-0.04626011848449707,0.507585309824982,1791577083620539502
0.16190284490585327,0.04192167520523071,0.5142997165579254,1791577083650708090
0.9604248404502869,0.3481055498123169,0.5162466546711629,1791577083680559215
0.2139182686805725,-0.06645697355270386,0.5005298152882364,1791577083710761115
-0.05785101652145386,-0.012903749942779541,0.5304793946260562,1791577083740060952
0.6756948232650757,-0.05507969856262207,0.4423092333652974,1791577083773619954
0.209891676902771,0.09730684757232666,0.5328886294530306,1791577083800634897
0.2748562693595886,0.08437567949295044,0.5027444656285888,1791577083830710434
0.20909398794174194,0.5599310994148254,0.5078445757184952,1791577083860744482
0.0984387993812561,-0.06194710731506348,0.4768304221313417,1791577083890918127
-0.08008027076721191,0.1412215232849121,0.4764663988500963,1791577083920881667
0.731196939945221,0.4412294626235962,0.48690279140646053,1791577083950925479
-0.21934151649475098,0.0744485855102539,0.47968629285085385,1791577083981413349
-0.30545395612716675,0.04542660713195801,0.48338726228850776,1791577084013141777
0.37049323320388794,-0.07842838764190674,0.5823399863767803,1791577084040071224
0.44765132665634155,0.501430332660675,0.46574848227526666,1791577084071099300
0.21795624494552612,0.2343348264694214,0.4657582370548482,1791577084101152423
0.22909283638000488,0.20856237411499023,0.5078485795331047,1791577084131233181
-0.7843744158744812,0.13700354099273682,0.520200090168844,1791577084161291184
-0.19972848892211914,0.4574781656265259,0.5297580358226217,1791577084190347939
-0.047981083393096924,-0.10448998212814331,0.48161522747536245,1791577084221418206
-0.5077329277992249,-0.18558359146118164,0.46715143374393675,1791577084253170060
0.08520567417144775,0.3760148882865906,0.5389545167258107,1791577084281560341
0.2637597918510437,-0.29513829946517944,0.5187167033958611,1791577084311722870
0.4501856565475464,0.4829259514808655,0.5164645088190538,1791577084341688831
0.6983010172843933,-0.005150794982910156,0.4814605285414833,1791577084371777978
0.6916776299476624,-0.48846763372421265,0.46382406246974833,1791577084401794628
-0.5275126695632935,0.49562960863113403,0.47031587159939714,1791577084432106733
-1.211910605430603,-0.053818583488464355,0.47887753376530323,1791577084461941831
-0.17830604314804077,0.19760644435882568,0.4682552340778307,1791577084493594523
-0.20448660850524902,0.31282317638397217,0.46741691702956195,1791577084525104108
-0.10163348913192749,-0.1218600869178772,0.5486572555456469,1791577084552583790
0.02360069751739502,0.17340147495269775,0.5001338439492062,1791577084582227545
0.09510189294815063,0.32414454221725464,0.4583753358422336,1791577084612733292
0.37026864290237427,-0.24297547340393066,0.5291693658548998,1791577084641386435
0.5099903345108032,0.37307167053222656,0.5057432163057078,1791577084672457467
-0.0829116702079773,0.31097710132598877,0.5111139354463746,1791577084702496761
-1.3188371658325195,-0.030967295169830322,0.467660932076877,1791577084733339028
0.0383182168006897,0.32430607080459595,0.4902885742020244,1791577084765108152
-0.3309587836265564,0.14721375703811646,0.5510038051309591,1791577084792795564
-0.16649752855300903,0.2309533953666687,0.5135334294550626,1791577084822833974
0.1300981640815735,0.14922994375228882,0.5040687457372478,1791577084853109950
-0.20888304710388184,-0.05961132049560547,0.4990697186095381,1791577084882908863
0.39482927322387695,-0.014573454856872559,0.5219333710985031,1791577084911986724
0.2530505061149597,-0.051023662090301514,0.5079446541146474,1791577084943079155
0.03391396999359131,-0.11255866289138794,0.5368062475294356,1791577084973205955
-0.6114288568496704,-0.08084946870803833,0.4641241643588,1791577085005772070
0.377180278301239,0.1364893913269043,0.4606402901533139,1791577085035841694
-0.005990743637084961,0.08175629377365112,0.557384447146053,1791577085062386448
0.07842028141021729,-0.12713134288787842,0.5061657075602557,1791577085093467108
-0.021318018436431885,0.643726646900177,0.49656776600693614,1791577085123608092
-0.011663436889648438,0.26198339462280273,0.4532079492689568,1791577085153741202
-0.30339473485946655,-0.6027690768241882,0.47733911000153134,1791577085183787737
-0.24350613355636597,0.5228161811828613,0.5051317807769219,1791577085213804641
1.037177562713623,0.0774112343788147,0.4660488633225283,1791577085245159426
0.9582581520080566,-0.2205401062965393,0.4504828987166253,1791577085276893102
0.4942404627799988,0.2659301161766052,0.5465924653398604,1791577085303912013
-0.09987026453018188,0.0879364013671875,0.5027270089712174,1791577085333967279
-0.38045984506607056,-0.14830589294433594,0.5139208097301766,1791577085364064416
0.6683369278907776,0.19167834520339966,0.5165630298597259,1791577085394150576
0.12045162916183472,0.3113099932670593,0.4876111117392531,1791577085424218534
-0.09928441047668457,0.03411465883255005,0.475906837984879,1791577085454354040
-0.3755958676338196,0.5367076396942139,0.47409376531614944,1791577085485225821
0.1366453766822815,0.11552971601486206,0.4857437025188562,1791577085516518067
0.9973140358924866,0.6438932418823242,0.5493503692340841,1791577085544501507
-0.09931981563568115,0.17104572057724,0.5027864737379882,1791577085574571962
-0.6091179847717285,-0.12386441230773926,0.5111637266977547,1791577085604603673
0.0918392539024353,0.48785966634750366,0.49457188002300634,1791577085634823875
0.045629799365997314,-0.37818771600723267,0.4754625289145014,1791577085664756354
0.2447531819343567,0.18128705024719238,0.5035977291427739,1791577085694809999
-0.16482657194137573,-0.016550123691558838,0.5044795570699488,1791577085725122973
0.02522808313369751,0.02842932939529419,0.46516489699713875,1791577085757054790
-0.38163119554519653,0.36243975162506104,0.4669790658626563,1791577085787122553
0.24257725477218628,-0.10579913854598999,0.4925827511684708,1791577085815772328
-0.0814434289932251,0.06809616088867188,0.5099526625594496,1791577085855763989
-0.13904732465744019,0.1632370948791504,0.524874931234299,1791577085885758799
0.11712479591369629,0.14474940299987793,0.4877335477313144,1791577085917223139
-0.4527983069419861,0.03908979892730713,0.4866227704796401,1791577085947252879
0.2322484850883484,-0.2576838731765747,0.5225330615714944,1791577085975865984
-0.2808094024658203,0.5914674997329712,0.5323579958710108,1791577086005844873
-0.02201181650161743,-0.6972463130950928,0.5268827543672049,1791577086035885840
-0.8512750267982483,0.08645355701446533,0.48086303976792955,1791577086065924239
0.19366246461868286,0.2975640296936035,0.4649726581663317,1791577086095946152
-0.16438817977905273,-0.6281536817550659,0.49112794635344215,1791577086126040503
-0.3406471014022827,0.4001687169075012,0.5125087140996809,1791577086157875533
0.30535441637039185,0.32523709535598755,0.5102881808500124,1791577086189275643
-0.48077768087387085,-0.3834571838378906,0.5552980042749037,1791577086216122467
-0.41931384801864624,-0.08461618423461914,0.47821417954704026,1791577086246130668
-0.07503443956375122,0.6417842507362366,0.4747919044314209,1791577086276173328
0.1863289475440979,-0.20485061407089233,0.48858680434048657,1791577086306227557
0.3327392339706421,0.22395318746566772,0.5222367966903045,1791577086336278823
0.25041478872299194,0.5351530909538269,0.5143715412145119,1791577086366400680
0.007226288318634033,-0.2594755291938782,0.4956349989051112,1791577086396164450
0.16548597812652588,0.4337870478630066,0.44313019667963477,1791577086429133244
-0.12037873268127441,0.0853961706161499,0.5253483720170967,1791577086456676781
-0.639298677444458,-0.07420694828033447,0.47715271738108506,1791577086486704144
0.2949310541152954,0.09143757820129395,0.4421207670213601,1791577086509333912
-0.17252153158187866,0.044914305210113525,0.5415058180656761,1791577086546868863
0.12019211053848267,0.16693460941314697,0.49370251055224007,1791577086576899534
0.7842831611633301,-0.24957621097564697,0.4864314528829855,1791577086606013311
-0.019857287406921387,0.279291570186615,0.48319506953050373,1791577086637124434
-0.8622151017189026,-0.021500051021575928,0.489380676567768,1791577086669619398
0.4394487142562866,-0.03144240379333496,0.5481345694438143,1791577086699202060
-0.11746251583099365,-0.09404045343399048,0.532893211542991,1791577086727414917
-0.30078184604644775,-0.17027992010116577,0.5046261353688597,1791577086757276046
-0.004929780960083008,0.04453307390213013,0.5167374271244468,1791577086787420767
-0.5424782633781433,-0.014418482780456543,0.5177183707867115,1791577086816481010
0.8850677013397217,0.23477745056152344,0.4836165821360753,1791577086847513927
1.020098090171814,-0.22843801975250244,0.49336468657867033,1791577086877679176
0.6475970149040222,0.6399368047714233,0.4530232959709085,1791577086909409604
-0.16703921556472778,0.21163785457611084,0.4623988927737865,1791577086941195208
0.29166167974472046,-0.3221285939216614,0.5676325710541652,1791577086967956170
0.19141799211502075,0.27055996656417847,0.49881041663808695,1791577086997918152
0.04941600561141968,0.15204566717147827,0.47274437063528296,1791577087027946739
0.42221009731292725,-0.06737256050109863,0.48898917062805614,1791577087058029970
-0.228110671043396,0.024001896381378174,0.492888646742805,1791577087088116847
-0.8165257573127747,0.5327337980270386,0.4705160897149157,1791577087118151448
0.1400817632675171,-0.125965416431427,0.45721435618150547,1791577087149163188
-0.13816845417022705,-0.2276766300201416,0.450335098049553,1791577087181685244
0.22516590356826782,0.9113443493843079,0.5503544802356547,1791577087208446167
0.18130117654800415,-0.5241978168487549,0.49961425105097124,1791577087238417763
0.05490124225616455,0.08793652057647705,0.5325792991097004,1791577087268566553
0.3534409999847412,0.6542689204216003,0.5075164168223799,1791577087298537669
0.2529032230377197,-0.10061877965927124,0.4729949649647495,1791577087328645766
-0.6391211152076721,0.005608975887298584,0.514007691060392,1791577087358721661
-0.9758661389350891,0.13665473461151123,0.5213185364639674,1791577087389538349
0.08132040500640869,0.02379542589187622,0.46746135209876866,1791577087421584264
-0.26754409074783325,-0.04876232147216797,0.5248264911292843,1791577087449069936
0.6458443999290466,0.126206636428833,0.5083447074712307,1791577087479032206
-0.29819291830062866,0.19811266660690308,0.4930010255437273,1791577087509076793
0.3055904507637024,-0.30237072706222534,0.47351881786407435,1791577087539108229
0.5751973390579224,0.058912038803100586,0.4954600378268412,1791577087569194288
0.18177276849746704,-0.2553086280822754,0.5084925784097398,1791577087599359043
-0.4730294346809387,0.25310927629470825,0.49101838770326445,1791577087629656216
-1.2188299894332886,0.20251381397247314,0.4406756009489607,1791577087661287531
-0.22616755962371826,-0.5669177770614624,0.49290614491970447,1791577087691701619
-0.23009604215621948,0.38196396827697754,0.5684868246576408,1791577087719500137
0.15570539236068726,0.1400255560874939,0.504187171596931,1791577087749618732
-0.1328311562538147,-0.039027392864227295,0.4812438252652176,1791577087779661604
-0.03375428915023804,0.07882124185562134,0.48848583508765303,1791577087809804084
0.6314711570739746,0.26846665143966675,0.4909648600792834,1791577087839867183
-0.09202659130096436,0.09591716527938843,0.5055746548129054,1791577087869030602
-0.13944697380065918,-0.16675913333892822,0.48175281998721514,1791577087901467839
-1.2354152202606201,0.2560344934463501,0.48393498768045323,1791577087932713500
-0.13833743333816528,0.1273188591003418,0.5184655114345801,1791577087960083992
-0.416534423828125,0.07564526796340942,0.492068406553847,1791577087990176593
-0.11517530679702759,0.021519362926483154,0.5248992827432908,1791577088020327185
-0.22501659393310547,0.554321825504303,0.5258729840254056,1791577088050312715
-0.11104178428649902,-0.3017348647117615,0.5039074333364475,1791577088080415278
0.1916908621788025,-0.05637478828430176,0.48766260424629937,1791577088110516912
-0.1476597785949707,0.2055436372756958,0.4528042736789103,1791577088141901008
0.06713145971298218,-0.6292632222175598,0.4525058949804745,1791577088173889657
0.10403972864151001,0.20726162195205688,0.5650047511500691,1791577088200874383
0.5138019323348999,-0.10707199573516846,0.4957677982810109,1791577088230746111
-0.4688446521759033,0.22493839263916016,0.4675801327582517,1791577088260816566
0.09885209798812866,0.05504530668258667,0.4748162226194734,1791577088290896514
-0.06117743253707886,-0.03686624765396118,0.5031454792887364,1791577088320955303
-0.522275447845459,0.16619855165481567,0.5074806597985828,1791577088350068378
-0.20071566104888916,0.008559644222259521,0.4681692788437514,1791577088381230284
-0.010333120822906494,-0.07092475891113281,0.4712510101167341,1791577088413516207
0.3785104751586914,0.07161575555801392,0.531915268812184,1791577088441399264
0.5855075120925903,0.406139075756073,0.46871545268779774,1791577088471337041
0.06263238191604614,0.06725537776947021,0.4952034493263736,1791577088501372581
-0.780535876750946,0.24425309896469116,0.5250206314476182,1791577088531451071
0.16042983531951904,0.1935909390449524,0.5403848941217336,1791577088561501544
-0.31481844186782837,0.15992587804794312,0.48171105872154896,1791577088591571738
-0.5886150002479553,-0.22557467222213745,0.48988093208147077,1791577088621711905
-0.31960809230804443,0.1410401463508606,0.4916843162710999,1791577088653884961
-0.11361163854598999,0.1027483344078064,0.49370883394418746,1791577088684801814
0.8275123238563538,-0.13100367784500122,0.5806773389188257,1791577088711000270
0.4369077682495117,0.11336076259613037,0.5109860016717224,1791577088742093623
-0.2473149299621582,0.4726477861404419,0.5035899919357274,1791577088772052811
-0.7875627875328064,-0.5403081774711609,0.4780441713492182,1791577088802074651
0.10152280330657959,0.30274271965026855,0.5065304451182018,1791577088832138623
0.14837771654129028,0.06249082088470459,0.5012097520660055,1791577088862247447
0.1769195795059204,-0.25878965854644775,0.44036776696346036,1791577088893555487
0.1687595248222351,0.39050906896591187,0.43738499745480075,1791577088925794724
-0.46824169158935547,-0.23993349075317383,0.5516819046778219,1791577088952454789
-0.5418762564659119,0.456807017326355,0.4770137039811875,1791577088982461111
-0.09766721725463867,-0.07516646385192871,0.466308113251638,1791577089012524144
-0.3720460534095764,-0.053556859493255615,0.4962813093242322,1791577089042664148
-0.5058693289756775,0.25127720832824707,0.5008072372771841,1791577089072731076
0.3070775270462036,-0.2229442000389099,0.49517546716302174,1791577089102848815
-0.029288649559020996,0.008171260356903076,0.5042303238469272,1791577089133616647
0.3916347622871399,-0.07997310161590576,0.4723069108249702,1791577089166031830
0.019376397132873535,0.24894112348556519,0.5732754550652366,1791577089192006000
-0.9376726150512695,-0.24127143621444702,0.4892730328061792,1791577089223100132
-1.3499847650527954,0.19045352935791016,0.5169773719127707,1791577089253093811
-0.13976407051086426,0.23959708213806152,0.4974376620319669,1791577089283247940
-0.5244216322898865,0.5215578675270081,0.4905919726419892,1791577089313263365
-0.21438348293304443,0.24321746826171875,0.5157750796340272,1791577089343336294
-0.028180062770843506,0.08569222688674927,0.50781251684121,1791577089373883391
-0.24731439352035522,0.6081167459487915,0.4765575957374061,1791577089405554129
0.021175861358642578,-0.3715713620185852,0.49521055912667006,1791577089436062944
0.016501545906066895,0.2657420039176941,0.5474056479996475,1791577089463776846
-1.0406850576400757,-0.04736804962158203,0.495152240966798,1791577089493674334
-0.17812186479568481,0.47002238035202026,0.4065592829684301,1791577089516471195
-0.25980985164642334,-0.06854099035263062,0.5047202700394811,1791577089553810239
-0.44680696725845337,0.039026856422424316,0.5072901563222274,1791577089583896959
0.30506235361099243,0.2007039189338684,0.5014336462257617,1791577089614041599
-0.22775524854660034,-0.04472404718399048,0.4461325901636617,1791577089645373991
-0.4705742597579956,0.0387309193611145,0.4729524554788481,1791577089676985219
-0.13233119249343872,0.05212986469268799,0.5621074199499679,1791577089704225435
-0.17600154876708984,-0.06476932764053345,0.5007548587630338,1791577089734218613
-0.3266800045967102,0.008314073085784912,0.5277147558905381,1791577089764292940
-0.8311797380447388,-0.27282166481018066,0.5049919161589196,1791577089794412811
-0.3490685224533081,0.12911581993103027,0.4686830590919641,1791577089824487371
-0.32852017879486084,0.2601281404495239,0.49160514089070906,1791577089854527791
0.02282315492630005,0.13065755367279053,0.5200810244107389,1791577089885452539
0.216769278049469,0.4106939435005188,0.48915133977654146,1791577089917543845
-0.46986669301986694,0.3749690055847168,0.5260190577643546,1791577089944805679
-0.2473689317703247,-0.11334830522537231,0.4955999033332667,1791577089974783038
-0.7747345566749573,0.16144901514053345,0.49835051047843454,1791577090004935330
0.24389958381652832,0.44447892904281616,0.5070163940447213,1791577090035043793
-0.08377474546432495,-0.3494645953178406,0.48897968257504637,1791577090065242468
0.34061652421951294,0.18149077892303467,0.4999882736307726,1791577090095110961
-0.7524476051330566,0.2132588028907776,0.5043774546741817,1791577090125030279
-0.3821069002151489,-0.27599358558654785,0.4674283074540213,1791577090157572174
-0.06816637516021729,0.41164064407348633,0.5092729581971721,1791577090185353502
-0.40829384326934814,-0.13926923274993896,0.47204993396965345,1791577090215927981
-0.3754112124443054,0.21088606119155884,0.47597463215311836,1791577090245019257
-0.4103163480758667,0.22266781330108643,0.46631735356787135,1791577090275960602
0.37161582708358765,-0.2718656659126282,0.47934056360199645,1791577090306021990
0.2884587049484253,0.17780673503875732,0.5105217465918855,1791577090335014859
0.40707147121429443,0.19499731063842773,0.4784782575012172,1791577090366111165
-0.5374075174331665,-0.05706828832626343,0.4996078038536831,1791577090397323083
-0.2849041819572449,-0.10855960845947266,0.49818605217127787,1791577090428504475
0.19299834966659546,0.380079448223114,0.5418141375849318,1791577090456271922
-0.36450088024139404,-0.27714961767196655,0.5054965538861098,1791577090486380443
-0.19620740413665771,-0.03660458326339722,0.51646183152158,1791577090516569720
-0.20726650953292847,0.31881487369537354,0.5074760551376991,1791577090546565222
-0.4324672818183899,-0.11491405963897705,0.4916785402176137,1791577090576381788
-0.18159526586532593,0.10592621564865112,0.5080445250167754,1791577090606425238
-0.5165491700172424,0.053881287574768066,0.4703240578360466,1791577090638111338
-0.2757532596588135,-0.1171194314956665,0.46514799406522017,1791577090669573146
-0.018012404441833496,0.2821817398071289,0.55352225451129,1791577090696593017
0.0726480484008789,0.27861982583999634,0.5066873246902552,1791577090726555364
0.10311275720596313,0.1825035810470581,0.4958549945374821,1791577090756672609
-0.0014382600784301758,0.337433397769928,0.5006130998771969,1791577090785713538
-0.5394511818885803,-0.016769230365753174,0.4706744148234128,1791577090816950042
-1.0920910835266113,0.1696563959121704,0.4892325203212455,1791577090846847311
-0.04957461357116699,0.37337005138397217,0.4511870294037338,1791577090877975541
-0.10230344533920288,-0.1691528558731079,0.4569537053975807,1791577090909385443
-0.5152764916419983,-0.049148380756378174,0.5526430777147455,1791577090937118214
0.41551607847213745,0.4845921993255615,0.5055056946676281,1791577090967160750
-0.34067779779434204,-0.265020489692688,0.4650009524489105,1791577090997158106
0.1582428216934204,0.5212803483009338,0.509799635805912,1791577091027264836
-0.10975706577301025,0.10407799482345581,0.5091854647549702,1791577091057331086
-0.5184621810913086,-0.285685658454895,0.5263593154265317,1791577091087453246
-1.0808262825012207,0.322296679019928,0.5049381410472472,1791577091117566564
-0.32482826709747314,-0.2323756217956543,0.4675312820150045,1791577091149843457
-0.350774884223938,0.30749988555908203,0.4936125388458643,1791577091180152901
0.22214478254318237,-0.14543652534484863,0.5326554358580013,1791577091207670493
0.14573603868484497,-0.17526966333389282,0.5068175637517037,1791577091247038883
-0.24750101566314697,0.4146183729171753,0.49226645577809386,1791577091278134866
-0.23436737060546875,-0.11191701889038086,0.46048710003300203,1791577091309423400
-0.14135360717773438,-0.18690502643585205,0.46159550824763323,1791577091341313769
0.8372586965560913,-0.011078119277954102,0.5496440533996458,1791577091368199849
0.4384436011314392,0.2919299006462097,0.48879901311903434,1791577091398088783
0.9605364203453064,0.14018040895462036,0.503512766173069,1791577091428166362
-0.6316013336181641,0.0730239748954773,0.48932720548309555,1791577091458256831
0.017755210399627686,0.3188771605491638,0.4902782415135532,1791577091488388163
-0.05417430400848389,0.07339227199554443,0.47613527667709205,1791577091518444420
-0.5301303863525391,-0.08852797746658325,0.47951944054211015,1791577091549468483
-0.6361951231956482,0.17822468280792236,0.47494730493422266,1791577091581420429
0.020850956439971924,0.42700135707855225,0.5473159093981003,1791577091608707035
1.0116057395935059,-0.061186015605926514,0.47962191571188356,1791577091638651744
0.8921198844909668,0.45757609605789185,0.5028628565083582,1791577091667755198
0.7708290815353394,0.14735621213912964,0.5009224275789156,1791577091698850620
-0.665289044380188,0.2548638582229614,0.5115258110124282,1791577091728943566
0.12737280130386353,0.5910505056381226,0.5116206217832097,1791577091759174540
-0.2859441637992859,-0.21365141868591309,0.5034825356154765,1791577091789864866
0.011257171630859375,0.3235316276550293,0.4767927393674992,1791577091821572765
-0.6406625509262085,0.3740611672401428,0.5346318025337283,1791577091849285238
-0.5550867319107056,-0.15665262937545776,0.49451154094597094,1791577091879299241
0.6296277046203613,0.416994571685791,0.4968405082757648,1791577091909480671
0.9532557725906372,0.10823440551757812,0.5026111682527483,1791577091939457672
0.6779050827026367,0.07495319843292236,0.4770323610016652,1791577091969486631
-0.4930558204650879,-0.056922316551208496,0.48530902970639206,1791577091999521135
-0.05155980587005615,0.007815957069396973,0.5191252068309187,1791577092029595841
-0.2002297043800354,0.1512187123298645,0.43979566306900203,1791577092061665276
-0.18424373865127563,0.14077240228652954,0.47619138611572154,1791577092091814284
0.262641966342926,0.27056771516799927,0.49482956858947147,1791577092119820887
-0.8896501660346985,0.013082802295684814,0.4707189147412537,1791577092149871787
0.3337409496307373,0.01111668348312378,0.5202192433058017,1791577092180085409
0.22069865465164185,0.21991050243377686,0.5120419473852144,1791577092210101912
0.46329063177108765,0.6367048621177673,0.48693704164077645,1791577092240205721
-0.05755215883255005,-0.28904974460601807,0.5096096529300318,1791577092270282371
-0.2262776494026184,-0.16330158710479736,0.49452455850439225,1791577092301447617
-0.37000346183776855,0.3126146197319031,0.47311619073286393,1791577092332849710
0.4765636920928955,0.16463416814804077,0.5333255852276778,1791577092361131785
0.17935854196548462,-0.003183722496032715,0.5332450299626564,1791577092390060076
-0.783132791519165,0.07829278707504272,0.49396356213020115,1791577092421225301
-0.990471363067627,0.6622452735900879,0.5038225792676896,1791577092451164917
-0.1634020209312439,-0.037863194942474365,0.5185275781770913,1791577092481194611
-0.722557008266449,0.21116167306900024,0.5174378816483963,1791577092511221271
-0.3191933035850525,0.94293212890625,0.5031456441641009,1791577092541869701
-0.46967315673828125,-0.33619529008865356,0.4638183336066506,1791577092573869748
-0.8048632144927979,0.2672344446182251,0.5215941483867113,1791577092601216271
0.10172933340072632,0.28728342056274414,0.4825212927817718,1791577092631196590
-0.33326560258865356,-0.14988327026367188,0.46361573623455604,1791577092661293425
-0.028362810611724854,0.43562090396881104,0.461071681374023,1791577092691357435
-0.7352743744850159,-0.09306269884109497,0.46568928969698775,1791577092721373396
0.4863642454147339,0.10296952724456787,0.47535846156906514,1791577092751395500
-0.6396423578262329,0.48142343759536743,0.4893569264661526,1791577092781470355
-0.2607293725013733,0.00978320837020874,0.4816991599560139,1791577092813801436
-0.31315332651138306,0.23107510805130005,0.5832701225574076,1791577092841546987
-0.13589775562286377,0.16818225383758545,0.49530888183792204,1791577092871548232
-0.46193206310272217,-0.04391014575958252,0.4897453803947589,1791577092901649626
-0.5670547485351562,-0.12848937511444092,0.5221556913410413,1791577092931724409
0.7286935448646545,0.23550230264663696,0.5496818198313135,1791577092961773654
0.3183055520057678,-0.18433833122253418,0.5025780614180727,1791577092991837744
0.2914183735847473,0.15331554412841797,0.47243014957710316,1791577093021952450
-0.5192962884902954,0.5000874400138855,0.45560583527175635,1791577093054054775
-0.12570887804031372,0.14462196826934814,0.4909294132152358,1791577093084802586
-0.4875295162200928,0.4747868776321411,0.5565611006724368,1791577093112228084
-0.36757785081863403,0.15547049045562744,0.5179012001298474,1791577093142224066
0.3375245928764343,0.4608810544013977,0.42095059007883817,1791577093165673782
-0.0026265382766723633,-0.27492010593414307,0.5379507089045301,1791577093192374733
-0.6895492076873779,0.16896897554397583,0.48236273993430206,1791577093222374736
-1.2414053678512573,-0.04837441444396973,0.4887514558065122,1791577093252400635
0.1517242193222046,0.32111823558807373,0.5054089464589123,1791577093282543195
-0.4384794235229492,0.05193483829498291,0.5044149450086857,1791577093312607031
-0.011831820011138916,0.33817893266677856,0.5164200200534642,1791577093342712161
0.13567036390304565,0.1459997296333313,0.4647289523921478,1791577093374072073
-0.35498178005218506,0.07662546634674072,0.42693364440383147,1791577093405915913
-0.048107028007507324,0.22153735160827637,0.576264679284537,1791577093431913659
0.20340251922607422,0.06468570232391357,0.4987686917513251,1791577093462958247
0.023822426795959473,0.32890164852142334,0.5067764614056189,1791577093492010824
-0.4417646527290344,0.4569924473762512,0.4541744879423569,1791577093523119098
0.10537827014923096,-0.26165419816970825,0.5135039336539594,1791577093553183950
-0.48334622383117676,0.570432186126709,0.5277468774252109,1791577093583319828
0.0013108253479003906,0.6805117726325989,0.528467508959732,1791577093613898933
-0.6545525193214417,0.3447203040122986,0.5400457215998338,1791577093673512582
-0.16876447200775146,0.460644006729126,0.48862908427808693,1791577093703562436
-0.5890881419181824,-0.18432092666625977,0.4868116290443746,1791577093733840961
0.705459713935852,0.3289073705673218,0.529719352245805,1791577093763686644
0.6899159550666809,0.4152013659477234,0.49508648522748583,1791577093793734184
-0.3024132251739502,0.5547718405723572,0.49131270242914693,1791577093852981885
-0.016709506511688232,-0.3640076518058777,0.46816378798792346,1791577093886368069
-0.23599624633789062,0.5214188098907471,0.484254830997501,1791577093916715760
-0.12567538022994995,0.20545774698257446,0.5250247935105703,1791577093944542595
-0.579228401184082,-0.22165966033935547,0.4973970773660922,1791577093974189448
0.30867213010787964,0.5081316828727722,0.40391434336032034,1791577093997864010
-0.6302831768989563,-0.08696746826171875,0.5211682793851325,1791577094024508628
-1.1757558584213257,0.4992219805717468,0.46802825198326103,1791577094054358021
0.8346374034881592,0.4398060441017151,0.4987978459344186,1791577094084883574
0.15650039911270142,0.3996768593788147,0.516760235455024,1791577094114804495
-0.2278224229812622,0.23056423664093018,0.5027723182747951,1791577094144614271
0.32762300968170166,0.24834823608398438,0.5081401546802701,1791577094174636851
-0.1463392972946167,0.45023274421691895,0.4919402864449481,1791577094206160273
-0.5921201705932617,0.21049350500106812,0.49120045962180364,1791577094237813230
-0.4708266854286194,0.4114380478858948,0.5619620541733272,1791577094265366658
0.9178017973899841,0.32806187868118286,0.5340806338228896,1791577094294161373
1.0044845342636108,0.28946250677108765,0.4866753255121419,1791577094324977041
-0.1758083701133728,0.14630764722824097,0.49922697469523003,1791577094385286780
-0.22299033403396606,0.1564083695411682,0.5128807883380931,1791577094415347082
1.136468768119812,0.07362520694732666,0.46869384878031684,1791577094445807546
-0.520350992679596,-0.2575145959854126,0.43351970309012805,1791577094477936171
0.20182561874389648,0.044292986392974854,0.551795184762165,1791577094505580257
-0.26035529375076294,0.6475815773010254,0.5126623777833913,1791577094536098742
0.8932336568832397,-0.17211347818374634,0.4672137760431858,1791577094566401289
0.34259504079818726,0.2829672694206238,0.4619053226046201,1791577094596194717
0.30344724655151367,0.5531142950057983,0.48219758842921384,1791577094626180184
-0.6822537183761597,-0.01949995756149292,0.48838128096160077,1791577094656389743
0.2101973295211792,0.02489161491394043,0.5223837942625501,1791577094686257015
0.26650112867355347,0.204581618309021,0.4656722573453917,1791577094718305608
0.37336134910583496,0.5027062892913818,0.4839653963131393,1791577094747474265
-0.2288275957107544,0.3282487988471985,0.5174473299928145,1791577094786319121
-1.6155155897140503,0.3628390431404114,0.4996650190710643,1791577094846403617
-0.12823563814163208,0.06089550256729126,0.472377580024374,1791577094877551921
-0.3376557230949402,0.24275648593902588,0.47984481263976186,1791577094910046836
-0.09293901920318604,0.016677916049957275,0.5924249597350743,1791577094946514725
0.08988171815872192,0.03762078285217285,0.509153074092003,1791577094976509125
-0.06652295589447021,0.21317076683044434,0.4927592670496716,1791577095006539781
-0.22138118743896484,-0.06907403469085693,0.45071372130075804,1791577095038544332
-0.11019474267959595,0.3071519732475281,0.4448642357054275,1791577095069634406
0.9809645414352417,0.35518139600753784,0.5268668759565395,1791577095096858793
0.8508577346801758,-0.17784017324447632,0.5081513980183873,1791577095126865812
0.48126792907714844,0.8193067908287048,0.5233958641790831,1791577095156903996
-0.3298720717430115,0.10503756999969482,0.50377039194838,1791577095186004148
0.02310812473297119,-0.1703614592552185,0.4677586348815294,1791577095217199394
0.03989267349243164,0.5848341584205627,0.49523644080165347,1791577095247128624
0.10224580764770508,0.15030306577682495,0.4839436256058942,1791577095277883121
-0.451577365398407,-0.10506594181060791,0.470644382523553,1791577095309861376
-0.22069573402404785,0.34849774837493896,0.5668046379355917,1791577095337396815
1.079606294631958,0.4870506525039673,0.4859281380245164,1791577095367402630
0.504467248916626,-0.40033984184265137,0.44800062339147756,1791577095397485064
0.43522781133651733,0.8114809393882751,0.511845892954213,1791577095427555687
-0.622323215007782,-0.052920639514923096,0.5275901929118351,1791577095457596514
0.11330902576446533,0.10005569458007812,0.5141482798512926,1791577095487846668
0.1880338191986084,0.32741618156433105,0.48692373893158947,1791577095517758868
0.25703656673431396,-0.3818008303642273,0.4575062439011094,1791577095550051664
-0.28027957677841187,0.2958933115005493,0.5078423523438548,1791577095579405888
-0.12663286924362183,0.06838327646255493,0.5724868935007716,1791577095606967274
0.4341104030609131,0.0614737868309021,0.5002180515932635,1791577095638024683
0.7377064824104309,0.3608773946762085,0.484212737698984,1791577095668155382
0.343447208404541,0.2719864845275879,0.45750691997368664,1791577095698131391
-0.6041731238365173,-0.14608126878738403,0.49487162577764476,1791577095728216476
0.7040374875068665,0.12786036729812622,0.5084090890715521,1791577095758355450
0.12506675720214844,0.4768630862236023,0.46764954655943375,1791577095789918625
0.5868813991546631,0.11439758539199829,0.4489769857052812,1791577095821654191
-0.014976978302001953,0.2082359790802002,0.5346077697483825,1791577095848635996
0.0858299732208252,0.026307642459869385,0.4831299254269439,1791577095878765164
-1.3968080282211304,0.440093994140625,0.48662879384992147,1791577095908679942
-0.2508555054664612,-0.0070037841796875,0.5200991101640665,1791577095938766551
-0.3123583197593689,-0.0035917162895202637,0.5222610565461723,1791577095968788342
0.43927258253097534,0.5929085612297058,0.5086261482723621,1791577095998892095
-0.3025680184364319,0.1554827094078064,0.4642402747319466,1791577096029694612
0.02685856819152832,-0.1651473045349121,0.4630364377048102,1791577096062142153
0.07215601205825806,0.6015649437904358,0.5589111972600778,1791577096089103628
0.235706627368927,0.4982004761695862,0.49235471063906744,1791577096119139238
-0.0782366394996643,-0.34590578079223633,0.5207959384281299,1791577096149239568
-0.8124315142631531,0.44481486082077026,0.5277422527851459,1791577096179322267
0.45797061920166016,0.6043132543563843,0.5061881539483699,1791577096209413275
-0.3507501482963562,-0.260689377784729,0.48906530116502367,1791577096239492541
-0.09940993785858154,0.4948197603225708,0.5176118776394206,1791577096269703567
-0.003468334674835205,0.6286858916282654,0.4793389780953572,1791577096301928683
-0.5215010643005371,-0.8417576551437378,0.5193797262005357,1791577096329686283
-0.023860812187194824,0.38508719205856323,0.4945444116939055,1791577096359980335
-0.2326756715774536,-0.10836929082870483,0.5073387283154696,1791577096389757214
-0.22080981731414795,0.6994529366493225,0.452720707887224,1791577096412310908
0.2319861650466919,0.2977699041366577,0.4953567419443986,1791577096449926465
0.5464304685592651,-0.1555877923965454,0.4823000892810552,1791577096478978601
-0.44886934757232666,0.18946188688278198,0.46591212061788156,1791577096510310028
0.4476858973503113,0.3023979067802429,0.4724632462353597,1791577096542145378
-0.2054201364517212,0.02691018581390381,0.47612076712490414,1791577096573121719
-0.15744799375534058,0.010780572891235352,0.5365650625301955,1791577096600386857
0.11804074048995972,0.5904508829116821,0.47821719345657815,1791577096630351695
-0.39904212951660156,-0.23558944463729858,0.4936209701237298,1791577096660463201
0.841550886631012,0.2851185202598572,0.5185322441706159,1791577096690768791
1.104392170906067,0.4292767643928528,0.5144013287136728,1791577096720584970
0.6812393665313721,0.0969805121421814,0.4749480018410039,1791577096750592841
-0.668271005153656,0.4743959903717041,0.46899546040253315,1791577096781892342
0.1193045973777771,0.13541054725646973,0.4768474281826024,1791577096814279580
0.30632567405700684,0.3435462713241577,0.5177807716991064,1791577096880926795
-0.07633626461029053,-0.013009965419769287,0.4993859821794838,1791577096911033226
-1.4311364889144897,0.21181470155715942,0.45915995919783814,1791577096973969554
0.4084172248840332,0.1471613645553589,0.5679432866281972,1791577097001304999
0.16373085975646973,0.2519906163215637,0.47845175787337985,1791577097061392070
-0.2531757354736328,-0.17137658596038818,0.4784530560703583,1791577097121485968
0.6456228494644165,0.5613082647323608,0.4684772839596313,1791577097151759610
0.39256131649017334,0.13343966007232666,0.49863971199611523,1791577097181903850
-1.442820429801941,0.46790003776550293,0.5367780674554146,1791577097241883045
0.6558917760848999,-0.4729401469230652,0.4814732487102076,1791577097271154016
-0.28712213039398193,0.12532943487167358,0.5080171104104795,1791577097302126030
-0.3707083463668823,-0.0813286304473877,0.5026732781127552,1791577097324205416
0.5029011368751526,-0.13035190105438232,0.5929848190345021,1791577097362022720
-0.2944651246070862,-0.08902168273925781,0.5127833437007168,1791577097392155847
0.7236557006835938,-0.09275287389755249,0.5059216907828835,1791577097422202219
-0.2048243284225464,0.01853841543197632,0.4589416640016847,1791577097454071106
-1.0621254444122314,0.27302294969558716,0.5032732388374177,1791577097512807051
-0.15314263105392456,-0.25041061639785767,0.4456325397066279,1791577097542458882
-0.17927128076553345,0.847417414188385,0.48123710359701694,1791577097572572120
-0.23977768421173096,0.16700345277786255,0.5188389258855647,1791577097632797619
-0.4034960865974426,0.593295693397522,0.508849291944582,1791577097662019824
-0.3516743779182434,-0.08847224712371826,0.48404806226889946,1791577097732872539
0.11883509159088135,0.08774983882904053,0.4464899955867445,1791577097793031978
-0.19419151544570923,-0.08313149213790894,0.49190911036834384,1791577097823147700
-0.14502203464508057,0.23600459098815918,0.49523406854895874,1791577097854247941
0.4071969985961914,0.1742430329322815,0.47213403813989,1791577097886202686
0.2171344757080078,0.006394803524017334,0.5630069134532597,1791577097913407348
0.5233190059661865,0.17199915647506714,0.5297403942409162,1791577097943376296
0.44473522901535034,0.46958571672439575,0.5140243509209909,1791577097973478515
-0.22368156909942627,-0.019846677780151367,0.5053542649468785,1791577098003565955
-1.314018964767456,0.3688027858734131,0.508500756205861,1791577098033619144
-0.02078157663345337,0.2892700433731079,0.5097686354350881,1791577098063680480
-0.20677918195724487,-0.03216969966888428,0.494145883059929,1791577098093849384
-0.5051218271255493,0.3460620641708374,0.4770731714891484,1791577098126078434
0.4487825036048889,0.34665417671203613,0.5123201786277252,1791577098155794887
-0.3281794786453247,-0.17845278978347778,0.501187667199891,1791577098183917626
0.5022538900375366,-0.016977429389953613,0.497520037440638,1791577098213015977
0.21556997299194336,0.2549598217010498,0.4886203557200945,1791577098244078488
-0.8834712505340576,-0.6232010722160339,0.5013456199299935,1791577098274170596
-1.2035599946975708,0.47630685567855835,0.4643200321693112,1791577098304233886
-0.021464228630065918,-0.23587876558303833,0.4699358201294269,1791577098334343513
-0.5116902589797974,-0.04428243637084961,0.46373939308447687,1791577098366323508
0.5142513513565063,0.5259028673171997,0.4762496696202554,1791577098397838377
-0.13878005743026733,-0.18821245431900024,0.541748634396079,1791577098424579283
-0.2043161392211914,0.0037958621978759766,0.4834104118943665,1791577098454591387
0.17269527912139893,0.21144485473632812,0.48331047800429716,1791577098484645199
0.1761411428451538,-0.17452174425125122,0.5008360787440423,1791577098514757042
-0.24109452962875366,0.23315000534057617,0.5268451625054384,1791577098544773389
-0.7739409804344177,-0.19584476947784424,0.5099289163339792,1791577098574895104
0.08780765533447266,0.31190723180770874,0.46771753989266723,1791577098605853473
-0.5056394338607788,0.327953577041626,0.46446558098723556,1791577098637816354
0.48436492681503296,0.24140435457229614,0.5898222859318216,1791577098665108244
-0.17838448286056519,0.21579724550247192,0.527965267621235,1791577098695265973
-0.33607906103134155,0.3614093065261841,0.5069935351289631,1791577098725192260
-0.22233092784881592,-0.07606256008148193,0.5003521326532271,1791577098755460835
-0.11041414737701416,0.0959591269493103,0.5075277813319047,1791577098785389825
0.19301950931549072,0.3442927598953247,0.5000301225364118,1791577098815467957
0.04915213584899902,-0.5586869120597839,0.4901163484336267,1791577098845874849
0.33067965507507324,0.2735700011253357,0.4753531923567356,1791577098878282588
-0.32506775856018066,0.03707605600357056,0.5601510443189093,1791577098905661354
0.23173612356185913,-0.17526471614837646,0.47616999746739813,1791577098936386098
-0.1686152219772339,0.18877100944519043,0.4840918657459758,1791577098966397544
-0.23986780643463135,-0.031132757663726807,0.505326452243967,1791577098996441512
-0.09340280294418335,-0.16963136196136475,0.49574515552365733,1791577099026457185
-0.0697638988494873,0.37380582094192505,0.49025617242581304,1791577099056506896
1.1040494441986084,-0.17241966724395752,0.48645685748845097,1791577099086611056
0.1406540870666504,-0.4037776589393616,0.4556700885307247,1791577099118116603
0.8626458644866943,0.8702967166900635,0.5004912146231305,1791577099147995876
-0.25204336643218994,-0.2825862765312195,0.5226292475314628,1791577099176566539
0.14921027421951294,-0.11801832914352417,0.5187558653852407,1791577099206565801
0.11776131391525269,0.7540485262870789,0.5016965430900101,1791577099236633428
-0.09120339155197144,-0.2820042371749878,0.4821815185477256,1791577099266698913
-0.6287553310394287,0.23051637411117554,0.49456884415466357,1791577099296784576
-0.49023866653442383,0.5451214909553528,0.5359658023614791,1791577099326788213
1.1411861181259155,0.045929551124572754,0.5066655151891098,1791577099358134650
1.0277788639068604,0.3164746165275574,0.4705037601845076,1791577099390286374
0.8102340698242188,0.2399495244026184,0.5455517086756473,1791577099416962942
-0.25412553548812866,0.11752355098724365,0.4890907037978234,1791577099447089374
-0.37441545724868774,0.04091906547546387,0.49968058959630257,1791577099477111318
0.1869223713874817,0.07294487953186035,0.5022290317309522,1791577099507099870
0.1691286563873291,0.3427234888076782,0.5127566910250073,1791577099536176878
0.1689465045928955,0.2756427526473999,0.4628217017058982,1791577099566189848
-0.07195144891738892,-0.1791445016860962,0.45148287416136457,1791577099598195000
-1.1276013851165771,0.2347148060798645,0.4557171717462164,1791577099630321837
-0.03240084648132324,0.16508644819259644,0.5331507584856624,1791577099657791059
-0.06326639652252197,-0.05297940969467163,0.4954182443726826,1791577099687599903
-0.5486713647842407,0.0099526047706604,0.43684234908334574,1791577099710352997
-0.22487974166870117,-0.09129071235656738,0.553223946649091,1791577099737799833
0.8021990656852722,0.16758865118026733,0.48750782454904434,1791577099767957534
-0.17272311449050903,0.20143359899520874,0.502711800595172,1791577099797723272
0.25158125162124634,-0.012615561485290527,0.5109450836217457,1791577099827774715
-0.4846426844596863,0.1184799075126648,0.5058778583586395,1791577099856980246
0.6732938289642334,0.350710928440094,0.4794618171639781,1791577099887938683
0.8182458281517029,0.17634904384613037,0.524988766359365,1791577099918090210
-0.31037044525146484,0.4474550485610962,0.46303869007580006,1791577099982300273
-0.08397412300109863,0.3952077031135559,0.5630281713614584,1791577100018247304
0.10742545127868652,0.509139358997345,0.4907466126380229,1791577100078431634
0.030436158180236816,0.43622303009033203,0.4497939746309342,1791577100110268275
-0.43061453104019165,-0.5644448399543762,0.4621343531643932,1791577100141877589
-1.236943006515503,0.5040770769119263,0.5444427517782556,1791577100168634611
0.17711704969406128,0.310438334941864,0.45960903706983797,1791577100198793550
-0.5695958137512207,-0.42588120698928833,0.4604807735993841,1791577100228694130
-0.07153719663619995,0.35030996799468994,0.504451420891451,1791577100258813152
-0.5456795692443848,-0.1914014220237732,0.48456163131728064,1791577100318978456
0.07664060592651367,0.3648669123649597,0.468864546157122,1791577100350682877
-0.21432071924209595,-0.07036232948303223,0.49664178260820374,1791577100381901480
-0.49147552251815796,-0.38187986612319946,0.5609229558353053,1791577100409248737
-0.6849352121353149,0.18554794788360596,0.5156965385207346,1791577100439204023
-0.008002817630767822,-0.31842947006225586,0.4878262136032361,1791577100469304225
-0.609988808631897,0.2806636095046997,0.49057574265275616,1791577100499485717
0.3415899872779846,-0.2531299591064453,0.5237117653127227,1791577100529472958
-0.20977860689163208,-0.06027209758758545,0.5246347711520599,1791577100559519768
-0.25906848907470703,0.2809447646141052,0.5053156447846616,1791577100589927749
0.18108975887298584,-0.09848880767822266,0.4517942208454266,1791577100621908724
-0.5704567432403564,0.414742112159729,0.524917295044843,1791577100649811785
0.1642124056816101,-0.5166562795639038,0.5060580260202739,1791577100679773583
0.37482452392578125,0.38640934228897095,0.5174503304862594,1791577100709913979
-0.00642848014831543,0.1578308343887329,0.5125122251046865,1791577100739929537
-0.443290114402771,0.2024478316307068,0.48766415974402233,1791577100770272679
-0.31392550468444824,0.3122674226760864,0.5083666126102468,1791577100800038562
0.006230175495147705,-0.024446070194244385,0.47012851772246633,1791577100830339175
-0.6066027283668518,0.13484525680541992,0.44897243289845284,1791577100862358474
0.30120164155960083,-0.021607637405395508,0.4813639894410968,1791577100892818187
-0.37505269050598145,0.06523281335830688,0.5080166753264522,1791577100920316853
0.8044052720069885,0.39129090309143066,0.4745224508095337,1791577100950409284
0.2406591773033142,-0.4703575372695923,0.5006778519725806,1791577100980448647
-0.04226404428482056,0.381686806678772,0.500872018329231,1791577101010805747
-0.6008092164993286,0.11014598608016968,0.5043572842825961,1791577101040582921
-0.14006763696670532,-0.3176671862602234,0.5127283044809753,1791577101070809489
-0.32817554473876953,-0.04886144399642944,0.4810402475022279,1791577101101926971
-0.25608664751052856,0.2100452184677124,0.4326144719375762,1791577101134458808
-0.5762847065925598,-0.49600791931152344,0.5356098311709043,1791577101161614596
-0.33835792541503906,0.023154854774475098,0.5340690532963565,1791577101191710694
-0.19938290119171143,0.4255322217941284,0.526036327767125,1791577101221746818
-0.013296663761138916,-0.43983012437820435,0.46009902141263787,1791577101251764880
-0.11838740110397339,-0.08792304992675781,0.4837101070911559,1791577101281684813
0.12059205770492554,0.12233597040176392,0.5057126934031757,1791577101311843537
0.44220858812332153,-0.3437612056732178,0.5033142348846344,1791577101341925721
0.10390722751617432,0.22218763828277588,0.4799413375186801,1791577101374138836
0.629347026348114,-0.1667882800102234,0.5582363178821603,1791577101401668018
-0.20873874425888062,0.36398565769195557,0.48512965243280126,1791577101431806894
-0.12554693222045898,-0.008948445320129395,0.47815776724136994,1791577101461768528
-1.4212008714675903,0.08696341514587402,0.4783617443746235,1791577101491910285
0.016819238662719727,0.08237326145172119,0.4944873701194959,1791577101521848976
-0.21283221244812012,-0.051139891147613525,0.47318579562760554,1791577101551905431
-0.3445948362350464,-0.05127096176147461,0.4680466882149058,1791577101582263982
0.24098742008209229,0.0036163926124572754,0.4580807317993437,1791577101614764758
0.31599175930023193,0.5563367605209351,0.5579153648989158,1791577101642060707
0.2995750308036804,-0.27535414695739746,0.4917467342814386,1791577101672083019
0.031165778636932373,0.31011152267456055,0.5298931960998836,1791577101702139826
-0.12577158212661743,0.31748270988464355,0.5344053111829438,1791577101732249088
-1.0398449897766113,0.10574853420257568,0.4826250616886126,1791577101762305091
-0.40971964597702026,-0.07866662740707397,0.492524840792933,1791577101792371425
-0.3632305860519409,-0.03147125244140625,0.5139811470754815,1791577101822451863
0.001689314842224121,0.17670977115631104,0.4969561051062506,1791577101854144736
-0.1399083137512207,-0.14558005332946777,0.5270974253149844,1791577101882620645
0.10427618026733398,-0.14696645736694336,0.49726739702265016,1791577101912694015
0.19891637563705444,-0.01811748743057251,0.48810933133358886,1791577101942727823
0.3365415930747986,0.10266304016113281,0.47026125039822164,1791577101972779819
-0.1122782826423645,-0.1279178261756897,0.4864060781840923,1791577102002847363
-1.137133240699768,-0.14291167259216309,0.4881797133209254,1791577102032907714
0.01306450366973877,0.4972521662712097,0.5126495107661597,1791577102062000931
-0.46712106466293335,-0.09015417098999023,0.4586995097927562,1791577102094095263
0.09051650762557983,-0.01261049509048462,0.47816460444925535,1791577102126532369
-0.07104134559631348,0.5213550925254822,0.5327794171627606,1791577102153264604
-0.5288731455802917,-0.19049495458602905,0.4350111281852092,1791577102183268228
-0.14359647035598755,-0.1199178695678711,0.48845126832545716,1791577102212324311
0.14416509866714478,0.12186866998672485,0.49375449393156273,1791577102243410276
-0.2671523094177246,0.18941724300384521,0.5035332363870201,1791577102273496435
-0.2393208146095276,-0.05708622932434082,0.4786106549800453,1791577102303801713
-0.029698312282562256,0.25846201181411743,0.49786019478195237,1791577102334278326
-0.8423066735267639,0.32130420207977295,0.46909825581474274,1791577102366566955
-0.14573943614959717,0.09552907943725586,0.577640476833681,1791577102393853436
-0.26550543308258057,0.1422954797744751,0.5307890825811179,1791577102423792781
-0.5880126953125,0.05784249305725098,0.523777058583907,1791577102453894413
0.14379853010177612,-0.025445759296417236,0.49663113390557934,1791577102483935233
-0.33358460664749146,-0.07982093095779419,0.478800692655869,1791577102514083984
0.0037097930908203125,-0.1999548077583313,0.5004599654387245,1791577102544255365
0.7231203317642212,-0.06982982158660889,0.523618267346248,1791577102574644079
0.5806446671485901,-0.0826493501663208,0.4630614727866356,1791577102606177508
-0.33921748399734497,0.2810952663421631,0.4717557649833391,1791577102637164173
-0.028751671314239502,-0.10284870862960815,0.5397761185146033,1791577102664747393
-0.11491972208023071,0.27732861042022705,0.49830802861491036,1791577102694493168
0.02219468355178833,0.20654362440109253,0.4193357583915425,1791577102717511098
-0.20460432767868042,-0.13109129667282104,0.5450385919783075,1791577102754635700
-0.4133530259132385,0.20919692516326904,0.49633518963485723,1791577102784695967
0.5353330373764038,0.03330129384994507,0.453999245803033,1791577102814783880
0.4550509452819824,-0.14565491676330566,0.4526063491528742,1791577102846313775
-0.2677231431007385,0.6533600687980652,0.5581777614219441,1791577102905067643
0.332378089427948,-0.2185831069946289,0.4804356969878457,1791577102935140825
-0.42280519008636475,0.17022281885147095,0.41042939230120895,1791577102958493557
-0.35202330350875854,-0.2756316065788269,0.5571618054161748,1791577102985289225
-0.6555495262145996,-0.026444613933563232,0.4970205809319416,1791577103015463093
-0.4371587038040161,0.20324695110321045,0.5181610202765152,1791577103045555875
1.1180555820465088,0.25503361225128174,0.522722906708005,1791577103075476424
0.916039764881134,-0.21085792779922485,0.4808494062063871,1791577103105711273
0.6765947341918945,-0.006594300270080566,0.495045399208135,1791577103135552514
-0.23032516241073608,0.018734097480773926,0.5014177535044041,1791577103166606479
-0.15011131763458252,-0.19129818677902222,0.5112184529893038,1791577103198040367
0.250646710395813,-0.06635916233062744,0.53642746394944,1791577103225031585
-0.2587926983833313,0.1895127296447754,0.45321945481010734,1791577103255755239
-0.40658801794052124,-0.149228036403656,0.47053112029148497,1791577103285928926
-0.43311119079589844,0.4950634837150574,0.4666557856597331,1791577103316806839
0.7261128425598145,0.06159621477127075,0.499305611359019,1791577103376688082
0.254031777381897,0.3627474904060364,0.5102146784550389,1791577103406855693
-0.5540293455123901,0.1510094404220581,0.45812482566786766,1791577103438427275
-0.3235224485397339,-0.24928319454193115,0.48335276305321284,1791577103468880062
-0.42184144258499146,0.30617523193359375,0.5555255203693518,1791577103506781416
0.6821974515914917,0.3295471668243408,0.4934070859004133,1791577103536761537
-0.13998353481292725,-0.13182848691940308,0.49350712683550996,1791577103566827098
-0.38492071628570557,-0.06769251823425293,0.4881393329485563,1791577103598747350
-1.4655944108963013,0.47275233268737793,0.4780818155746535,1791577103629880057
-0.1837882399559021,0.007918298244476318,0.5276679733509456,1791577103657074530
-0.40194058418273926,0.21622347831726074,0.5079340125876945,1791577103686957273
-0.6788040399551392,-0.04726487398147583,0.43203570715268674,1791577103710636236
-0.00384521484375,0.09257292747497559,0.5458047602792151,1791577103747039342
-0.5827710032463074,0.349221408367157,0.5097716960945636,1791577103777044869
-0.08805572986602783,0.0005567669868469238,0.5138653405823905,1791577103807084732
-0.03772580623626709,0.780946671962738,0.46982584457992665,1791577103838138417
-0.6522828936576843,-0.3834013342857361,0.4254230988754057,1791577103870814637
-0.9553031325340271,0.07138943672180176,0.5470827178044543,1791577103897323041
-0.3476484417915344,0.008199036121368408,0.5097006506415427,1791577103927411497
-0.027175545692443848,0.2608780860900879,0.4948090063559219,1791577103957423423
-0.1239435076713562,0.1312379240989685,0.48180965150676947,1791577103987513899
-0.08034557104110718,-0.004676222801208496,0.4830798900671352,1791577104017577179
-0.4701838493347168,0.2227698564529419,0.4679750481032106,1791577104047652066
-0.36902111768722534,-0.04292076826095581,0.47559951298929876,1791577104078168634
