x, y, th, stamp, 
10.617387771606445,0.06155264750123024,2.7028247975826636,1791577278587896933
10.617387771606445,0.06155264750123024,2.7028248102728822,1791577278634493686
10.617387771606445,0.06155264750123024,2.7028248436580924,1791577278696743095
10.617387771606445,0.06155264750123024,2.7028248389230294,1791577278747872784
10.617387771606445,0.06155267730355263,2.7028250299922205,1791577278795558370
10.617387771606445,0.06155267730355263,2.702825114489125,1791577278845852389
10.617387771606445,0.06155267730355263,2.7028251076218135,1791577278887894976
10.617387771606445,0.06155267730355263,2.702825084637295,1791577278938952596
10.617387771606445,0.061552707105875015,2.702825363686192,1791577278987103824
10.617387771606445,0.061552707105875015,2.702825335057272,1791577279036869655
10.617387771606445,0.061552707105875015,2.7028253111584926,1791577279096990066
10.617387771606445,0.061552707105875015,2.7028253178808557,1791577279146952741
10.617387771606445,0.0615527369081974,2.7028255206282497,1791577279196280451
10.617387771606445,0.0615527369081974,2.7028255633465585,1791577279246808851
10.617387771606445,0.0615527369081974,2.702825547970193,1791577279286767619
10.617387771606445,0.0615527369081974,2.7028255384481352,1791577279337772428
10.617387771606445,0.0615527369081974,2.7028255908184144,1791577279386818542
10.617387771606445,0.0615527369081974,2.7028255854567655,1791577279436865081
10.617387771606445,0.0615527369081974,2.7028255521209124,1791577279486753653
10.617387771606445,0.0615527369081974,2.7028255632760345,1791577279526675719
10.617387771606445,0.06155276671051979,2.7028257893347094,1791577279596025566
10.617387771606445,0.06155276671051979,2.7028257893347094,1791577279646855588
10.617387771606445,0.06155276671051979,2.7028257893347094,1791577279686827323
10.617387771606445,0.06155276671051979,2.7028257893347094,1791577279737783036
10.617387771606445,0.06155276671051979,2.7028257893347094,1791577279786803463
10.617387771606445,0.06155276671051979,2.7028257893347094,1791577279836041398
10.617387771606445,0.06155276671051979,2.7028257893347094,1791577279886858902
10.617387771606445,0.06155276671051979,2.7028257893347094,1791577279926544640
10.617387771606445,0.06155279651284218,2.7028260092134033,1791577279996902865
10.617387771606445,0.06155279651284218,2.7028260092134033,1791577280046783278
10.617387771606445,0.06155279651284218,2.702826006576918,1791577280086943945
10.617387771606445,0.06155279651284218,2.702826006576918,1791577280136801871
10.617387771606445,0.06155279651284218,2.702826006576918,1791577280186878743
10.617387771606445,0.06155279651284218,2.702826006576918,1791577280236958729
10.617387771606445,0.06155279651284218,2.702826006576918,1791577280286324938
10.617387771606445,0.06155279651284218,2.702826006576918,1791577280346712676
10.617387771606445,0.06155279651284218,2.702826006576918,1791577280396126915
10.617387771606445,0.06155279651284218,2.702826006576918,1791577280446376897
10.617387771606445,0.06155279651284218,2.702826006576918,1791577280487854626
10.617387771606445,0.06155279651284218,2.702826006576918,1791577280536029576
10.617387771606445,0.06155279651284218,2.702826006576918,1791577280586009140
10.617387771606445,0.06155279651284218,2.702826006576918,1791577280636195745
10.617387771606445,0.06155279651284218,2.702826006576918,1791577280686059836
10.617387771606445,0.06155279651284218,2.702826006576918,1791577280746512025
10.617387771606445,0.06155279651284218,2.702826006576918,1791577280796454352
10.617387771606445,0.06155279651284218,2.702826006576918,1791577280842202901
10.617368698120117,0.06156511977314949,2.702857449932039,1791577280888998703
10.615068435668945,0.06260238587856293,2.7050104163703046,1791577280939762854
10.611474990844727,0.06408510357141495,2.7090149301131077,1791577280982784464
10.604964256286621,0.06671378761529922,2.716233245491495,1791577281032865416
10.596661567687988,0.07012774795293808,2.7269325437068597,1791577281083897583
10.584339141845703,0.07548990845680237,2.7410275800748765,1791577281142135197
10.57252311706543,0.08018768578767776,2.7536845179681784,1791577281191815712
10.558195114135742,0.08573609590530396,2.7684509989538357,1791577281242005437
10.541417121887207,0.09169468283653259,2.785896629056014,1791577281291790204
10.523497581481934,0.09790200740098953,2.803297716301787,1791577281341792603
10.508156776428223,0.10295172035694122,2.813872332847471,1791577281382768550
10.4891996383667,0.10918247699737549,2.8276150187058198,1791577281431898007
10.470162391662598,0.11477622389793396,2.842928887238448,1791577281482878452
10.447599411010742,0.12106651812791824,2.8624152854692766,1791577281541978751
10.428479194641113,0.1261991262435913,2.878967698630802,1791577281591839423
10.40898323059082,0.13084934651851654,2.8961849408846168,1791577281642803380
10.389702796936035,0.13522377610206604,2.9132296916680844,1791577281691819960
10.370146751403809,0.13928426802158356,2.931378583662083,1791577281741789813
10.35412883758545,0.1423003077507019,2.944863324808429,1791577281782789308
10.334689140319824,0.14586390554904938,2.962531324314668,1791577281831866473
10.315056800842285,0.14897394180297852,2.9795670333272932,1791577281882821505
10.297636032104492,0.15142767131328583,2.9959411546681207,1791577281926918561
10.270407676696777,0.15451543033123016,3.0196425823053694,1791577281996788689
10.252565383911133,0.15630167722702026,3.0361476031781303,1791577282042869485
10.235541343688965,0.1576533019542694,3.0516288363948014,1791577282086771595
10.216118812561035,0.15883314609527588,3.0702702987174657,1791577282136786828
10.196260452270508,0.15983623266220093,3.089590785472496,1791577282186791513
10.176621437072754,0.1604393869638443,3.1090724435602377,1791577282237783425
10.158659934997559,0.16064780950546265,3.126981734272308,1791577282282285559
10.141073226928711,0.16050665080547333,-3.139996528677114,1791577282326024607
10.121474266052246,0.16008055210113525,-3.120926855154831,1791577282376823534
10.095470428466797,0.1586611121892929,-3.095950606175191,1791577282443800795
10.0787353515625,0.15746617317199707,-3.080827942370735,1791577282486824391
10.05899715423584,0.15574289858341217,-3.0622281886889167,1791577282536769075
10.039595603942871,0.15365469455718994,-3.0434112316162945,1791577282586881071
10.02118968963623,0.15141400694847107,-3.02535388117346,1791577282634922576
9.997452735900879,0.147806778550148,-3.000190518606689,1791577282696198033
9.97834587097168,0.14434389770030975,-2.9797225456411525,1791577282746524572
9.959866523742676,0.1410548985004425,-2.959933060236722,1791577282794792623
9.940560340881348,0.13695329427719116,-2.9388578254869087,1791577282844922858
9.924766540527344,0.13349127769470215,-2.92168381064634,1791577282886873740
9.905296325683594,0.12861816585063934,-2.9030812128052896,1791577282937965166
9.88693618774414,0.12394024431705475,-2.883012290381298,1791577282987050296
9.868725776672363,0.11839459091424942,-2.8636509740030105,1791577283035212918
9.850530624389648,0.11261146515607834,-2.8438093923415884,1791577283085730602
9.827369689941406,0.10496960580348969,-2.818244044043565,1791577283148804761
9.810159683227539,0.09857244044542313,-2.7993214780967404,1791577283195424639
9.791831970214844,0.09173194319009781,-2.777608122428153,1791577283245844951
9.776735305786133,0.08559837937355042,-2.759770396053352,1791577283286993107
9.759268760681152,0.0781857818365097,-2.7373790523857062,1791577283337958136
9.742079734802246,0.07044713944196701,-2.714934876990722,1791577283387952462
9.724932670593262,0.061888132244348526,-2.6948745428755365,1791577283436250111
9.704463005065918,0.05154231935739517,-2.6688791633131936,1791577283497399854
9.687821388244629,0.04235735908150673,-2.647754604829945,1791577283546559713
9.671422958374023,0.03284779563546181,-2.6271967729800974,1791577283596284672
9.654928207397461,0.022941725328564644,-2.6063408092858382,1791577283646162100
9.64201831817627,0.014802797697484493,-2.588368037367722,1791577283686976766
9.626444816589355,0.004468148574233055,-2.564903336161255,1791577283737956761
9.610706329345703,-0.006408456712961197,-2.541617420201019,1791577283786892816
9.595253944396973,-0.017318245023489,-2.5185198966177795,1791577283836957824
9.579604148864746,-0.0291623305529356,-2.4947962441927243,1791577283886489167
9.567885398864746,-0.03838101401925087,-2.4758119249097055,1791577283926765075
9.547649383544922,-0.05557497963309288,-2.443745690442351,1791577283996810440
9.533621788024902,-0.06809962540864944,-2.4199593974041105,1791577284046827729
9.522788047790527,-0.07826456427574158,-2.4017310191490817,1791577284086803867
9.50893497467041,-0.09124945104122162,-2.377452819712875,1791577284137899762
9.495617866516113,-0.1047445684671402,-2.3537296614506604,1791577284186802947
9.48289680480957,-0.11841219663619995,-2.3290794215996127,1791577284236902971
9.470026016235352,-0.13249705731868744,-2.304630816129531,1791577284286888805
9.460103988647461,-0.14398932456970215,-2.2842138273849493,1791577284326612104
9.443255424499512,-0.16464056074619293,-2.2498843289786845,1791577284396057084
9.431849479675293,-0.17920632660388947,-2.22341267554453,1791577284447832275
9.423285484313965,-0.19133901596069336,-2.2042362293408067,1791577284486902079
9.412473678588867,-0.20685629546642303,-2.1798789474214737,1791577284536976847
9.40251636505127,-0.22222773730754852,-2.154647671102238,1791577284586962526
9.392431259155273,-0.23815514147281647,-2.1301952637254034,1791577284636221779
9.381194114685059,-0.2571990489959717,-2.0991672558095726,1791577284696142802
9.3757905960083,-0.2670435607433319,-2.082276081398498,1791577284727387869
9.363826751708984,-0.2899913787841797,-2.0453512067275077,1791577284796907489
9.35537052154541,-0.30695241689682007,-2.0156778528292016,1791577284846976967
9.349016189575195,-0.32031935453414917,-1.99385081499374,1791577284887690448
9.341981887817383,-0.33741700649261475,-1.9679896577256657,1791577284936270462
9.335031509399414,-0.3548619747161865,-1.9405601523244063,1791577284986354716
9.328752517700195,-0.37234073877334595,-1.9131280260509438,1791577285036828559
9.322999000549316,-0.38984256982803345,-1.8850863113761533,1791577285087291753
9.316822052001953,-0.41096970438957214,-1.853729583862547,1791577285146975532
9.311884880065918,-0.4289023280143738,-1.8238810538766084,1791577285196165309
9.30768871307373,-0.44685283303260803,-1.7953492376087485,1791577285247831390
9.304770469665527,-0.46105319261550903,-1.7730906149608452,1791577285286837369
9.30134391784668,-0.47913458943367004,-1.742154068607393,1791577285336810289
9.298667907714844,-0.49734488129615784,-1.7131448520841481,1791577285386802306
9.296510696411133,-0.5152596831321716,-1.6831182411713652,1791577285436795661
9.29486083984375,-0.5337021350860596,-1.6524900461957917,1791577285487446134
9.294036865234375,-0.5479750633239746,-1.6288354198726345,1791577285526520972
9.293129920959473,-0.573268711566925,-1.5859001930143721,1791577285596922129
9.293329238891602,-0.5909478068351746,-1.5557340478416557,1791577285646837366
9.293890953063965,-0.605640709400177,-1.5313888258402797,1791577285686888005
9.294849395751953,-0.6233135461807251,-1.5003032127960823,1791577285736806842
9.296509742736816,-0.6412456631660461,-1.4694480397603031,1791577285786814591
9.298649787902832,-0.6595767140388489,-1.436973488027298,1791577285836830158
9.301161766052246,-0.6772921085357666,-1.4029919549003886,1791577285888784025
9.305368423461914,-0.698691725730896,-1.3643845317733327,1791577285946870430
9.309258460998535,-0.7162202000617981,-1.3321652326125744,1791577285996970264
9.313822746276855,-0.7336999773979187,-1.299033690957462,1791577286048837671
9.317699432373047,-0.7468733787536621,-1.2734929165367064,1791577286086822703
9.323185920715332,-0.7641445398330688,-1.239034893906981,1791577286137810723
9.329115867614746,-0.7803367376327515,-1.2067801796977184,1791577286186819237
9.335451126098633,-0.796644926071167,-1.1724259251171414,1791577286236801521
9.342244148254395,-0.8118608593940735,-1.1414718880595263,1791577286282291108
9.351949691772461,-0.8322056531906128,-1.095964343073571,1791577286346378782
9.360064506530762,-0.8475868701934814,-1.0585354971753718,1791577286396814447
9.368158340454102,-0.8617144823074341,-1.025332354590907,1791577286441990753
9.376349449157715,-0.8751637935638428,-0.9925766868051864,1791577286486809531
9.38608169555664,-0.8894498944282532,-0.9570524174908333,1791577286536808368
9.396491050720215,-0.9039700031280518,-0.9212818336959324,1791577286586801929
9.407028198242188,-0.9177491664886475,-0.8840689679975569,1791577286637811417
9.41746997833252,-0.9299672842025757,-0.8504933494438635,1791577286683172573
9.43211555480957,-0.9462441205978394,-0.803151055796817,1791577286746444942
9.439336776733398,-0.9536231756210327,-0.7797643463624868,1791577286776220257
9.456113815307617,-0.9697916507720947,-0.7267238981475241,1791577286843864088
9.467405319213867,-0.9796021580696106,-0.6940562932431329,1791577286886845697
9.480772018432617,-0.9905275106430054,-0.6541807643802169,1791577286936808820
9.494369506835938,-1.000664472579956,-0.6127199144394853,1791577286986809424
9.508039474487305,-1.0101675987243652,-0.5733950360199391,1791577287034803423
9.522467613220215,-1.019079566001892,-0.5331896693507183,1791577287084242375
9.53460693359375,-1.0261765718460083,-0.49813071970517664,1791577287126939627
9.555115699768066,-1.0366344451904297,-0.4428957165613743,1791577287194917383
9.5701265335083,-1.0434768199920654,-0.39975326666783884,1791577287244956070
9.583251953125,-1.048833966255188,-0.3635856204109214,1791577287286841735
9.598899841308594,-1.0544791221618652,-0.3190638333768934,1791577287336791783
9.614574432373047,-1.0594631433486938,-0.27453701462950675,1791577287387789187
9.63050365447998,-1.0634877681732178,-0.23148641977798923,1791577287435834066
9.646459579467773,-1.0669775009155273,-0.1852400196430406,1791577287485366222
9.659835815429688,-1.0690757036209106,-0.1466429062222082,1791577287526261380
9.681893348693848,-1.0716042518615723,-0.08254848566306247,1791577287595302219
9.698038101196289,-1.0725743770599365,-0.03557292641713397,1791577287645854365
9.71169662475586,-1.0725181102752686,0.0038373790105223444,1791577287687841248
9.727889060974121,-1.072128176689148,0.05295173408222764,1791577287738898767
9.7432861328125,-1.0708653926849365,0.10093060152388966,1791577287788816237
9.759054183959961,-1.0687811374664307,0.14733404680888842,1791577287836863649
9.775110244750977,-1.0660052299499512,0.19627465217827117,1791577287886951742
9.793431282043457,-1.061736822128296,0.2585950392221908,1791577287946176113
9.808554649353027,-1.0573619604110718,0.3097200008584384,1791577287996694404
9.823136329650879,-1.052344560623169,0.36112431995722416,1791577288046018070
9.8345365524292,-1.0476988554000854,0.4038563205610974,1791577288087817856
9.848563194274902,-1.0411924123764038,0.456277405773275,1791577288137821156
9.86139965057373,-1.0342538356781006,0.5111017679833232,1791577288186849736
9.874296188354492,-1.0265264511108398,0.5655698826239155,1791577288236919753
9.886678695678711,-1.0180842876434326,0.62132934637868,1791577288286861870
9.900626182556152,-1.0073788166046143,0.6895493153789071,1791577288346692609
9.907576560974121,-1.0017056465148926,0.7261221578026982,1791577288377411342
9.92236614227295,-0.9874196648597717,0.8094088955037209,1791577288447886034
9.930055618286133,-0.9788038730621338,0.8553273124012007,1791577288486836329
9.93973445892334,-0.9676209092140198,0.9184581329249477,1791577288538820164
9.947930335998535,-0.955927848815918,0.9765222915666877,1791577288586482444
9.955574035644531,-0.9439350366592407,1.0379156488370183,1791577288636905502
9.962555885314941,-0.9316799640655518,1.1037715514204007,1791577288687796019
9.967541694641113,-0.9213159084320068,1.1529745493198746,1791577288726579692
9.974854469299316,-0.9030665159225464,1.2436453738663547,1791577288796234380
9.979338645935059,-0.8898749947547913,1.3134625174101835,1791577288847032768
9.981462478637695,-0.8793023228645325,1.3646906951934128,1791577288886967438
9.984148979187012,-0.865809440612793,1.4367159170291357,1791577288937063862
9.98536205291748,-0.8523463010787964,1.5064349270598407,1791577288986357101
9.98585319519043,-0.8388108015060425,1.579816957537351,1791577289036827428
9.98539924621582,-0.825804591178894,1.6530124523285348,1791577289087798366
9.984259605407715,-0.8155931234359741,1.7137347475072877,1791577289127395294
9.98083209991455,-0.7983623147010803,1.8191062698110168,1791577289196039809
9.977378845214844,-0.7863828539848328,1.89705404080895,1791577289247194954
9.974111557006836,-0.7768927216529846,1.96100885165214,1791577289287295749
9.969368934631348,-0.7657727599143982,2.0414086448818094,1791577289337830375
9.963590621948242,-0.7553583979606628,2.1206264994080546,1791577289386893171
9.956711769104004,-0.7449756860733032,2.198823985065784,1791577289436965359
9.948641777038574,-0.7343478202819824,2.27808620071833,1791577289487092461
9.937837600708008,-0.7229701280593872,2.3638213749688757,1791577289546829606
9.927831649780273,-0.7139245271682739,2.438326421262644,1791577289596059833
9.917146682739258,-0.7051241397857666,2.511543463046688,1791577289647854624
9.908201217651367,-0.6989287734031677,2.564848939690568,1791577289686825611
9.896313667297363,-0.6916922330856323,2.6335788381211995,1791577289736822587
9.884203910827637,-0.685304582118988,2.6997521613917126,1791577289786879780
9.871101379394531,-0.6795676350593567,2.768381111674928,1791577289837947876
9.85777473449707,-0.6746392250061035,2.8345087207883344,1791577289887407518
9.846899032592773,-0.6714448928833008,2.884671428595636,1791577289926862227
9.827280044555664,-0.6669502258300781,2.9743213863602964,1791577289997090118
9.812814712524414,-0.664701521396637,3.03704190687471,1791577290046980864
9.801119804382324,-0.6638054847717285,3.0864255348409126,1791577290086851976
9.78660774230957,-0.6633850932121277,-3.1350722314003394,1791577290136826469
9.771758079528809,-0.6639459133148193,-3.0747332533589407,1791577290186822492
9.757241249084473,-0.665428638458252,-3.0155506061075,1791577290236940596
9.742494583129883,-0.6676092743873596,-2.9561379141255393,1791577290288657179
9.725093841552734,-0.6719451546669006,-2.889492531369168,1791577290346543433
9.710793495178223,-0.6761047840118408,-2.834109827805737,1791577290396053467
9.695560455322266,-0.6813269257545471,-2.777482765294982,1791577290448915632
9.68463134765625,-0.6858993768692017,-2.73461346527097,1791577290487854337
9.670559883117676,-0.6925780177116394,-2.6821927515123574,1791577290536829362
9.65667724609375,-0.6999487280845642,-2.6285432731211724,1791577290586817768
9.643421173095703,-0.707800567150116,-2.5744038589550535,1791577290637945396
9.63119125366211,-0.7161730527877808,-2.5283962671532776,1791577290682523532
9.620226860046387,-0.7242360711097717,-2.4835468007692145,1791577290727003739
9.60330581665039,-0.7387934327125549,-2.414087310323267,1791577290797212253
9.592597007751465,-0.7488470673561096,-2.369490716660306,1791577290843296767
9.583110809326172,-0.7587094902992249,-2.3273215898096407,1791577290886862897
9.571791648864746,-0.7710085511207581,-2.2790919739240603,1791577290937815480
9.561683654785156,-0.7836909890174866,-2.2324461450846,1791577290986804606
9.551859855651855,-0.7969971299171448,-2.1836910089804094,1791577291037829196
9.54323959350586,-0.8100619316101074,-2.1392047935360883,1791577291083835438
9.532279968261719,-0.8283169269561768,-2.0813807079050934,1791577291146825148
9.527698516845703,-0.8371123671531677,-2.0541424532286174,1791577291176377547
9.517937660217285,-0.8572848439216614,-1.9930229253911318,1791577291244862494
9.512385368347168,-0.8703832626342773,-1.9540159007282223,1791577291287855835
9.506686210632324,-0.8860241174697876,-1.9113153184365668,1791577291336836860
9.501472473144531,-0.9022675156593323,-1.8677290729788258,1791577291386813475
9.496981620788574,-0.9173728227615356,-1.8262198183264964,1791577291434810855
9.491995811462402,-0.9382850527763367,-1.773014288122223,1791577291496736134
9.48896598815918,-0.9552574157714844,-1.729745567415569,1791577291546608002
9.486501693725586,-0.9714890718460083,-1.6890573715869193,1791577291594407808
9.484848022460938,-0.9890994429588318,-1.6474092984577524,1791577291645250683
9.483728408813477,-1.003511905670166,-1.614296825440911,1791577291687861699
9.483226776123047,-1.020830512046814,-1.5749397584112357,1791577291737820168
9.483592987060547,-1.0379815101623535,-1.535766096411896,1791577291787840581
9.484501838684082,-1.0549132823944092,-1.4989596313309663,1791577291835059551
9.48595905303955,-1.0719798803329468,-1.459806629473578,1791577291885808102
9.48776626586914,-1.086709976196289,-1.4275181383695759,1791577291927392749
9.491728782653809,-1.1104495525360107,-1.3766865046692571,1791577291995152172
9.495134353637695,-1.1274800300598145,-1.338375168357676,1791577292045963133
9.498769760131836,-1.1424046754837036,-1.3061889303557108,1791577292088869261
9.503649711608887,-1.1593912839889526,-1.2698501427692066,1791577292138835646
9.508851051330566,-1.1760835647583008,-1.2325440400347574,1791577292188172235
9.51495361328125,-1.1924015283584595,-1.1985550642436078,1791577292237005335
9.521687507629395,-1.2090356349945068,-1.1627951891980643,1791577292287928993
9.530481338500977,-1.2280746698379517,-1.1203362820598244,1791577292347293724
9.538579940795898,-1.244105577468872,-1.0853828053988397,1791577292397266297
9.547120094299316,-1.2597695589065552,-1.0504713442792502,1791577292447862739
9.554506301879883,-1.272251009941101,-1.022796119767957,1791577292487842331
9.564120292663574,-1.287641167640686,-0.9877181079155657,1791577292537870251
9.574275970458984,-1.3024359941482544,-0.9549252231215029,1791577292586837422
9.584911346435547,-1.3169713020324707,-0.921946502547394,1791577292636819222
9.596055030822754,-1.331430196762085,-0.8868688087912605,1791577292687071431
9.60555362701416,-1.3426692485809326,-0.8613428333213613,1791577292727811943
9.622133255004883,-1.3610976934432983,-0.8173481075868567,1791577292797357358
9.634805679321289,-1.3740826845169067,-0.7859349087152508,1791577292847042715
9.645381927490234,-1.3843061923980713,-0.7619768897345927,1791577292887842992
9.658507347106934,-1.3964734077453613,-0.7300014485657252,1791577292938843874
9.672155380249023,-1.4081416130065918,-0.6988280808274117,1791577292987017325
9.686601638793945,-1.419745683670044,-0.6695321729280095,1791577293036024597
9.70119857788086,-1.4308570623397827,-0.6378703030652438,1791577293087816679
9.718989372253418,-1.4434958696365356,-0.5991753142391846,1791577293147416839
9.728496551513672,-1.4497885704040527,-0.5802783679532799,1791577293177064831
9.750054359436035,-1.463193655014038,-0.5363495667240679,1791577293247101748
9.762545585632324,-1.470240831375122,-0.513326028154523,1791577293287177869
9.778719902038574,-1.4788321256637573,-0.4848033511319233,1791577293337476639
9.79517936706543,-1.4869539737701416,-0.45626907037473696,1791577293387921867
9.811877250671387,-1.4946422576904297,-0.4283449703323313,1791577293437097974
9.82878589630127,-1.5019395351409912,-0.4000268709545922,1791577293487816097
9.842829704284668,-1.507530689239502,-0.37819498495917475,1791577293527078954
9.867195129394531,-1.516611933708191,-0.3393799797461716,1791577293597284504
9.884511947631836,-1.5222784280776978,-0.3113828482504511,1791577293647866081
9.898555755615234,-1.526544451713562,-0.28873856897725536,1791577293687940376
9.916316986083984,-1.531398057937622,-0.26233972779926873,1791577293736983617
9.934258460998535,-1.5354665517807007,-0.2361477842293262,1791577293787839907
9.951983451843262,-1.5393857955932617,-0.20985533909745158,1791577293837839385
9.969924926757812,-1.542699933052063,-0.18425064616153378,1791577293890753439
9.98444652557373,-1.5449920892715454,-0.16446991424125382,1791577293927977363
10.010405540466309,-1.5484992265701294,-0.12887452961382373,1791577293997979049
10.02742862701416,-1.5501997470855713,-0.10480767940344606,1791577294043871333
10.046021461486816,-1.551800012588501,-0.07782987976456074,1791577294094877631
10.062420845031738,-1.5523930788040161,-0.055575456481653455,1791577294137856040
10.081318855285645,-1.5528908967971802,-0.028777518593292122,1791577294187845796
10.100199699401855,-1.5528615713119507,-0.003302727821139383,1791577294237822546
10.119096755981445,-1.5522658824920654,0.02269253249683099,1791577294287820928
10.134033203125,-1.5516654253005981,0.043038038390910124,1791577294327452252
10.16028881072998,-1.5496139526367188,0.07853285210056389,1791577294397010266
10.17914867401123,-1.5476973056793213,0.10270558161094005,1791577294447018620
10.194331169128418,-1.5458468198776245,0.1224456937500365,1791577294487850263
10.212804794311523,-1.5430777072906494,0.14732323429524835,1791577294537844485
10.231789588928223,-1.5398919582366943,0.17142751562773362,1791577294587844898
10.250499725341797,-1.5360968112945557,0.196225417364777,1791577294637831551
10.269218444824219,-1.5317589044570923,0.22095202710955056,1791577294688078508
10.291314125061035,-1.5263102054595947,0.2485648527459806,1791577294747154383
10.309864044189453,-1.521003246307373,0.2719096873045156,1791577294797901347
10.328222274780273,-1.5154999494552612,0.29512708269213217,1791577294848008814
10.342671394348145,-1.5106102228164673,0.3134532279678821,1791577294887882263
10.360590934753418,-1.5042487382888794,0.33585764084522324,1791577294937849013
10.378886222839355,-1.4973231554031372,0.35730708463761396,1791577294987840571
10.396795272827148,-1.490256667137146,0.3797076188472891,1791577295037851464
10.412790298461914,-1.4834082126617432,0.39926991861632516,1791577295082821828
10.435559272766113,-1.4733003377914429,0.4297712405355815,1791577295147769157
10.445958137512207,-1.4682831764221191,0.4432768378506554,1791577295177131848
10.468700408935547,-1.45680570602417,0.4731426369823819,1791577295243928553
10.483321189880371,-1.4487701654434204,0.49179701991616503,1791577295287880781
10.500031471252441,-1.439234733581543,0.5124044451043351,1791577295337859872
10.516523361206055,-1.4293471574783325,0.5323445215090191,1791577295387831071
10.532963752746582,-1.4190709590911865,0.5528340138678427,1791577295438825724
10.547863960266113,-1.409354567527771,0.5705690928331145,1791577295483858951
10.568421363830566,-1.3954795598983765,0.5972386906036659,1791577295547061864
10.577942848205566,-1.3888113498687744,0.6099195279532513,1791577295577949520
10.598986625671387,-1.3732800483703613,0.6379790985850285,1791577295644069690
10.612318992614746,-1.363053798675537,0.6567555655157625,1791577295687888468
10.627413749694824,-1.3506436347961426,0.6775358028684602,1791577295737888707
10.642233848571777,-1.3383684158325195,0.698663884875853,1791577295787850984
10.655922889709473,-1.3261085748672485,0.7169795302612116,1791577295834897487
10.670516967773438,-1.3129743337631226,0.737772284273372,1791577295885887274
10.682328224182129,-1.3016231060028076,0.7532495898046754,1791577295927663917
10.700871467590332,-1.2831635475158691,0.778756636621666,1791577295995452294
10.714548110961914,-1.2690460681915283,0.797271675895805,1791577296045057568
10.725704193115234,-1.257075548171997,0.8138101134660497,1791577296087884805
10.739018440246582,-1.2424010038375854,0.8334905755339871,1791577296137829843
10.751809120178223,-1.2277300357818604,0.8520570153260251,1791577296187876664
10.764034271240234,-1.2133902311325073,0.8705924308661482,1791577296235832586
10.776392936706543,-1.1981611251831055,0.8896406038351744,1791577296285830018
10.786718368530273,-1.1849983930587769,0.9053531589299096,1791577296328258129
10.798432350158691,-1.16938316822052,0.9227532254599302,1791577296378921481
10.814122200012207,-1.1478253602981567,0.9464029048538185,1791577296446935866
10.823511123657227,-1.1342508792877197,0.9611272893093118,1791577296488878182
10.834366798400879,-1.117993712425232,0.980112631960301,1791577296538889628
10.84459400177002,-1.101790428161621,0.9981708914970532,1791577296588864242
10.855035781860352,-1.0850013494491577,1.0153405537957998,1791577296637834457
10.865202903747559,-1.0678198337554932,1.0331548105657014,1791577296687200405
10.877144813537598,-1.0470832586288452,1.0550795089914173,1791577296747789289
10.886573791503906,-1.0297185182571411,1.073752887603448,1791577296797699672
10.895648956298828,-1.0122257471084595,1.0907632501583464,1791577296847089720
10.902905464172363,-0.997748613357544,1.1052115306961494,1791577296887858185
10.911541938781738,-0.979836642742157,1.1230148573325238,1791577296938859937
10.919646263122559,-0.962029218673706,1.13986487765906,1791577296987961143
10.927387237548828,-0.9438035488128662,1.1556496735507422,1791577297037837260
10.935196876525879,-0.9255735874176025,1.172725735971492,1791577297087965660
10.940963745117188,-0.9108455181121826,1.1859162953056963,1791577297127872561
10.948277473449707,-0.8923726081848145,1.203973449648528,1791577297178944924
10.957674980163574,-0.8664909601211548,1.2274423722927246,1791577297246995768
10.962578773498535,-0.8513497710227966,1.2406057101554824,1791577297287024801
10.968520164489746,-0.83221435546875,1.2566876488367207,1791577297338888552
10.974220275878906,-0.8131897449493408,1.2731585279596411,1791577297387937313
10.979781150817871,-0.7940942049026489,1.2880032502330314,1791577297437096109
10.985161781311035,-0.7746639847755432,1.3029879397557413,1791577297487930654
10.989153861999512,-0.7592789530754089,1.31383173502015,1791577297527276725
10.993785858154297,-0.7397421002388,1.3292422035241376,1791577297577340737
10.99986457824707,-0.712739884853363,1.3517241742378228,1791577297647683093
11.003168106079102,-0.6969018578529358,1.3647223246585305,1791577297687640114
11.006925582885742,-0.677282452583313,1.3821970540948256,1791577297737858984
11.010466575622559,-0.6573286056518555,1.3982823982910362,1791577297787180929
11.013622283935547,-0.6377988457679749,1.4140878838580917,1791577297837258313
11.016291618347168,-0.6178420782089233,1.4286538381389577,1791577297887164175
11.018434524536133,-0.6019313931465149,1.440772422922368,1791577297927925973
11.0203218460083,-0.5821300148963928,1.455952507202851,1791577297977468223
11.022818565368652,-0.5543990135192871,1.477798771984696,1791577298047029406
11.024041175842285,-0.5384402871131897,1.491201897993805,1791577298088865154
11.025138854980469,-0.5182827711105347,1.5056857768771723,1791577298137865393
11.026031494140625,-0.4981990158557892,1.5224340223061235,1791577298187871789
11.026579856872559,-0.4783670902252197,1.539719388231895,1791577298237879029
11.026747703552246,-0.45841002464294434,1.5573332788964713,1791577298287837101
11.02685832977295,-0.43420153856277466,1.578775718552603,1791577298347095331
11.026238441467285,-0.4144028425216675,1.59568508477594,1791577298397970244
11.025466918945312,-0.3946579694747925,1.612378840571878,1791577298447903370
11.024534225463867,-0.3788638412952423,1.6251548090176609,1791577298487893317
11.023080825805664,-0.3590465784072876,1.640933083318358,1791577298537864259
11.021256446838379,-0.3391185402870178,1.657540063358046,1791577298587865913
11.019404411315918,-0.3194235563278198,1.6742504973491303,1791577298637859718
11.01711654663086,-0.2996344268321991,1.691299330358793,1791577298688840179
11.015154838562012,-0.283953458070755,1.7048888587070758,1791577298727077707
11.010747909545898,-0.25611504912376404,1.7297877300861588,1791577298797920060
11.007203102111816,-0.23720107972621918,1.7484648860890533,1791577298847899853
11.00399112701416,-0.2217262089252472,1.7618575930680522,1791577298887948072
10.999774932861328,-0.20239241421222687,1.7803980202007406,1791577298937867768
10.995580673217773,-0.18328624963760376,1.798476488486929,1791577298987865332
10.990741729736328,-0.164486363530159,1.815982732145484,1791577299037864041
10.985685348510742,-0.1453910619020462,1.8338728450376383,1791577299088841351
10.979009628295898,-0.12257641553878784,1.8548929258003661,1791577299147212241
10.972947120666504,-0.10352598875761032,1.872326421727862,1791577299197374051
10.966930389404297,-0.08489371091127396,1.8914377781450926,1791577299248057342
10.961606979370117,-0.0700959712266922,1.9059946740432925,1791577299287893734
10.954639434814453,-0.051548272371292114,1.9254081840665596,1791577299337863082
10.947478294372559,-0.03319844231009483,1.9441623434633262,1791577299387864671
10.939738273620605,-0.015203343704342842,1.9627947389445701,1791577299437849539
10.932657241821289,0.0014671245589852333,1.9803316625415028,1791577299483844081
10.922003746032715,0.02418198436498642,2.0031304649895696,1791577299547063523
10.913338661193848,0.04165169596672058,2.0225997062206273,1791577299597098331
10.905220985412598,0.0574595183134079,2.040696716268069,1791577299643879219
10.89725112915039,0.07264891266822815,2.0594807192922735,1791577299687893643
10.88761043548584,0.08979015797376633,2.0794897155451273,1791577299737868626
10.877655982971191,0.10659158229827881,2.099762432312621,1791577299787879408
10.867246627807617,0.1234612911939621,2.119518753346099,1791577299838857598
10.857418060302734,0.1385754644870758,2.1371350679162258,1791577299884843594
10.848024368286133,0.15270447731018066,2.154573218296497,1791577299927815451
10.83669662475586,0.1686771959066391,2.1738214376940697,1791577299977730706
10.821218490600586,0.1899198293685913,2.20163435890665,1791577300043982392
10.811110496520996,0.2029593139886856,2.218354101797075,1791577300087896203
10.799006462097168,0.21827879548072815,2.239371588246753,1791577300137867732
10.78661060333252,0.23323330283164978,2.259949336217557,1791577300187903954
10.774313926696777,0.24730710685253143,2.280387523601384,1791577300235845309
10.761343955993652,0.2618153393268585,2.302538002961467,1791577300285848647
10.750184059143066,0.27375155687332153,2.320893859277532,1791577300327339989
10.736654281616211,0.28761377930641174,2.3435104143408636,1791577300377105297
10.71777629852295,0.30593034625053406,2.3735311659623948,1791577300445899521
10.705856323242188,0.3168841600418091,2.3913969695201662,1791577300487906933
10.691524505615234,0.32961392402648926,2.4126963970569344,1791577300537872173
10.676620483398438,0.3424583673477173,2.4338556272047573,1791577300588865136
10.66222858428955,0.3539122939109802,2.4535097680804543,1791577300635889055
10.64703369140625,0.36595022678375244,2.4773282733131547,1791577300686885440
10.628125190734863,0.3799908459186554,2.5054234026203104,1791577300749271531
10.612984657287598,0.3907283544540405,2.5284665765369896,1791577300796462144
10.602686882019043,0.39781543612480164,2.5449872358463255,1791577300829927918
10.583231925964355,0.4102188050746918,2.5742216038436796,1791577300888861607
10.566938400268555,0.4202965199947357,2.5981769544085678,1791577300939929105
10.550448417663574,0.4293767511844635,2.619131730461642,1791577300987862982
10.533923149108887,0.4384003281593323,2.6436765670839293,1791577301037888536
10.517102241516113,0.44678670167922974,2.6675564857032623,1791577301087080568
10.496772766113281,0.45659738779067993,2.696658650172171,1791577301147114389
10.479333877563477,0.4642660915851593,2.7198257637332963,1791577301197396637
10.461821556091309,0.47166311740875244,2.745092152424872,1791577301247041320
10.447619438171387,0.47731053829193115,2.7650546892624273,1791577301287883561
10.429903984069824,0.48380476236343384,2.7905023311284443,1791577301338043954
10.411930084228516,0.48997026681900024,2.8157716259793535,1791577301387878085
10.393567085266113,0.49564504623413086,2.840581421785468,1791577301437856526
10.375333786010742,0.5007916688919067,2.865315637902927,1791577301487873951
10.360815048217773,0.5047067403793335,2.8857784176608345,1791577301527113166
10.335410118103027,0.5105067491531372,2.922000718450866,1791577301597306170
10.317111015319824,0.5140132904052734,2.947504739468101,1791577301647971823
10.302249908447266,0.5164978504180908,2.9693715575209567,1791577301686985308
10.283953666687012,0.5192472338676453,2.996496658617671,1791577301738084354
10.265580177307129,0.5213475227355957,3.0229156023002917,1791577301787005306
10.246757507324219,0.5232105851173401,3.0506875495288805,1791577301837106902
10.22836971282959,0.5243505239486694,3.079199548327783,1791577301887912448
10.213522911071777,0.5249598622322083,3.102349757018187,1791577301927812431
10.195308685302734,0.5252722501754761,3.130213734880958,1791577301977006234
10.169367790222168,0.5245717763900757,-3.1147689850696048,1791577302047015569
10.154915809631348,0.5238194465637207,-3.0923168628039557,1791577302087202188
10.136553764343262,0.5223933458328247,-3.0639843829796454,1791577302137266800
10.11825180053711,0.5204372406005859,-3.036263941189256,1791577302187427805
10.100202560424805,0.5181543827056885,-3.006595095114244,1791577302237885068
10.081966400146484,0.5151427984237671,-2.977847592133811,1791577302287911011
10.067564964294434,0.5125651955604553,-2.952157756744645,1791577302328751837
10.042938232421875,0.507141649723053,-2.9093923701175437,1791577302397185724
10.025257110595703,0.502669095993042,-2.877498834540634,1791577302448913248
10.011092185974121,0.49856019020080566,-2.85275697668119,1791577302488879797
9.993888854980469,0.49283483624458313,-2.8229060300383892,1791577302537881212
9.976912498474121,0.48684751987457275,-2.792011313674736,1791577302587881388
9.960189819335938,0.4803042411804199,-2.761971734598492,1791577302637888932
9.943634033203125,0.4732392132282257,-2.7309899595199614,1791577302688928513
9.930246353149414,0.46727776527404785,-2.7048102135690226,1791577302729286742
9.909597396850586,0.4566337764263153,-2.665375952050292,1791577302792267285
9.893837928771973,0.44824278354644775,-2.632283223316524,1791577302842903484
9.87857437133789,0.4394509792327881,-2.5996451859473737,1791577302891912482
9.863218307495117,0.42970189452171326,-2.5679432246402927,1791577302941885225
9.850507736206055,0.42127230763435364,-2.539414192406031,1791577302983886007
9.835833549499512,0.4109838008880615,-2.505409239095238,1791577303033883825
9.821712493896484,0.4003564417362213,-2.471088432366174,1791577303084922878
9.808481216430664,0.38944053649902344,-2.439774571382469,1791577303131080635
9.792231559753418,0.3751191198825836,-2.3997266880800443,1791577303192300628
9.779197692871094,0.3631715476512909,-2.3642017231918286,1791577303243895195
9.766826629638672,0.3506987988948822,-2.329231929118999,1791577303292906586
9.75462532043457,0.3377659320831299,-2.2938002825730517,1791577303342883315
9.745298385620117,0.3269389569759369,-2.266051168959473,1791577303382882118
9.734054565429688,0.31321048736572266,-2.229701410933893,1791577303432862886
9.723275184631348,0.29910019040107727,-2.193015751116779,1791577303483924509
9.711360931396484,0.2818462550640106,-2.1493553219138173,1791577303542935419
9.7019624710083,0.26699942350387573,-2.1133941783638854,1791577303592470284
9.69318962097168,0.25198450684547424,-2.075273644954017,1791577303643480019
9.684880256652832,0.2369755357503891,-2.0373874668685175,1791577303693966088
9.677379608154297,0.22150051593780518,-2.0005749771016688,1791577303742059044
9.671732902526855,0.2088899314403534,-1.9698821993164466,1791577303782103308
9.665117263793945,0.19271324574947357,-1.93083632984655,1791577303832944246
9.65899658203125,0.17635704576969147,-1.8901412205871402,1791577303883949629
9.652813911437988,0.15636451542377472,-1.842862129793408,1791577303942592729
9.649236679077148,0.1429431140422821,-1.810001266411453,1791577303982269688
9.644512176513672,0.12213955819606781,-1.7607626193272212,1791577304044188295
9.641995429992676,0.10769728571176529,-1.7246354538330475,1791577304088026408
9.639555931091309,0.0909518375992775,-1.6823452220487638,1791577304138115761
9.638147354125977,0.07452496886253357,-1.6407710539766989,1791577304187926542
9.637345314025879,0.05747542902827263,-1.5985262805188751,1791577304238889330
9.63715934753418,0.04172368347644806,-1.5604484948309716,1791577304284865124
9.63765811920166,0.027120603248476982,-1.5222048202050928,1791577304327977392
9.638704299926758,0.010232281871140003,-1.4780497436165105,1791577304377367037
9.641302108764648,-0.011929454281926155,-1.4168299483332556,1791577304443991685
9.643843650817871,-0.026171475648880005,-1.377917701470462,1791577304487921945
9.647329330444336,-0.04232947155833244,-1.3337964570202632,1791577304537869363
9.65173053741455,-0.05810518562793732,-1.2883156208912712,1791577304587900259
9.656173706054688,-0.07284766435623169,-1.2433951130339083,1791577304635876478
9.661705017089844,-0.08767487108707428,-1.1945710878121818,1791577304685863353
9.666847229003906,-0.09993615746498108,-1.1551842732652589,1791577304727641489
9.676362991333008,-0.11945690214633942,-1.0890641643453602,1791577304795375646
9.684165954589844,-0.13335543870925903,-1.0383501562549253,1791577304845925052
9.691017150878906,-0.14465634524822235,-0.9959834995634479,1791577304887925228
9.700005531311035,-0.157607764005661,-0.9451835599251975,1791577304937869700
9.709610939025879,-0.17034994065761566,-0.8939250983132492,1791577304988212129
9.71954345703125,-0.18193888664245605,-0.8433243769239943,1791577305036909594
9.730377197265625,-0.1932622194290161,-0.7910313191635961,1791577305086870720
9.74393367767334,-0.20633402466773987,-0.7249910465536008,1791577305149965903
9.755070686340332,-0.2154165655374527,-0.674221720041719,1791577305196806027
9.76708698272705,-0.22430409491062164,-0.6199673700538598,1791577305246969764
9.777678489685059,-0.2313051074743271,-0.5728328511009741,1791577305288928195
9.790117263793945,-0.23899847269058228,-0.5145085005866933,1791577305339895835
9.802724838256836,-0.24545833468437195,-0.45921987370996,1791577305387897167
9.815889358520508,-0.25155091285705566,-0.3999981324549968,1791577305437009229
9.829190254211426,-0.2568432092666626,-0.33994709569473597,1791577305487805015
9.840690612792969,-0.2604407072067261,-0.291160690191814,1791577305528039654
9.860028266906738,-0.2656707465648651,-0.20382188019676742,1791577305597714920
9.873880386352539,-0.2683146297931671,-0.14063271647039632,1791577305647106046
9.885154724121094,-0.26971834897994995,-0.09028478530667687,1791577305687898260
9.89925479888916,-0.27070748805999756,-0.025166991481985247,1791577305738910705
9.913301467895508,-0.2707265019416809,0.04013857829070883,1791577305787897211
9.927124977111816,-0.2697135806083679,0.10514228252269746,1791577305837955503
9.940803527832031,-0.2679053843021393,0.17366786709701282,1791577305887091447
9.95156478881836,-0.2660837471485138,0.23084473884716322,1791577305928481405
9.964632987976074,-0.2627250552177429,0.3019101260196392,1791577305978327780
9.981868743896484,-0.25619545578956604,0.4029400170690431,1791577306047200374
9.991570472717285,-0.251970499753952,0.4624047840577655,1791577306087056911
10.003118515014648,-0.24579741060733795,0.5386087377966277,1791577306138125102
10.013631820678711,-0.23891301453113556,0.6121244643202093,1791577306187285822
10.023780822753906,-0.23139019310474396,0.6884346392969464,1791577306237294315
10.032724380493164,-0.22311829030513763,0.7634402558207195,1791577306287872409
10.039721488952637,-0.2163364142179489,0.8284891780151631,1791577306327275102
10.050704956054688,-0.2034856230020523,0.9437548506927876,1791577306397273275
10.05776596069336,-0.19270630180835724,1.0206749018735262,1791577306447952821
10.06299114227295,-0.1836998015642166,1.081888887047736,1791577306487974615
10.068854331970215,-0.17192673683166504,1.1586660035198872,1791577306537908540
10.07404613494873,-0.1592685431241989,1.2317868961819762,1791577306587975896
10.078100204467773,-0.14653155207633972,1.3026242046786316,1791577306637049110
10.081598281860352,-0.13302503526210785,1.3726531781500697,1791577306688876065
10.083230018615723,-0.12216813862323761,1.4278910350284784,1791577306728544845
10.084656715393066,-0.10819348692893982,1.4949653917111367,1791577306777075399
10.085217475891113,-0.0886518731713295,1.5883742879945955,1791577306847923321
10.085076332092285,-0.07727236300706863,1.6411507823052656,1791577306888935299
10.083453178405762,-0.06292293220758438,1.7047378290465591,1791577306937899643
10.081315040588379,-0.048620376735925674,1.7690915114747152,1791577306987904226
10.078134536743164,-0.034133654087781906,1.8327764470330745,1791577307037910806
10.07405948638916,-0.01995423622429371,1.8961235614041472,1791577307087887442
10.067907333374023,-0.003731206525117159,1.9675490022622568,1791577307147454191
10.06163501739502,0.009795049205422401,2.0274092507560413,1791577307197215671
10.054911613464355,0.022896969690918922,2.088079005954077,1791577307248935662
10.048808097839355,0.03290751576423645,2.1348570467545795,1791577307288933313
10.040321350097656,0.04521852731704712,2.1908374326383333,1791577307337927145
10.031270980834961,0.05721309781074524,2.2471380240540832,1791577307387907621
10.021208763122559,0.06870204210281372,2.3026109001457917,1791577307437898500
10.010722160339355,0.0798909142613411,2.359131950882225,1791577307488879080
10.001409530639648,0.08852086216211319,2.4026235818190296,1791577307528842181
9.984601974487305,0.10209963470697403,2.4770575386660716,1791577307597579700
9.971941947937012,0.11155600100755692,2.529997680971952,1791577307648053909
9.961152076721191,0.1185140386223793,2.5714072393930674,1791577307688081752
9.947855949401855,0.12651751935482025,2.6224978115419963,1791577307737900254
9.933653831481934,0.1337350606918335,2.671925586563672,1791577307787907349
9.919281959533691,0.14046508073806763,2.7200165708699253,1791577307837909856
9.904162406921387,0.1468086838722229,2.7714957482625593,1791577307889880846
9.885940551757812,0.15285800397396088,2.8284335402767837,1791577307947273124
9.87653923034668,0.15573570132255554,2.85656314746805,1791577307977685512
9.854144096374512,0.16164547204971313,2.925931209723446,1791577308049181617
9.841299057006836,0.16412101686000824,2.962650266500574,1791577308088935799
9.824941635131836,0.16647624969482422,3.009777993974885,1791577308137959319
9.808686256408691,0.1681797355413437,3.056310653390809,1791577308187894695
9.791942596435547,0.16916601359844208,3.102338549949227,1791577308237977122
9.776826858520508,0.16965213418006897,-3.139557838548269,1791577308283884164
9.755434036254883,0.1687917560338974,-3.083942165729685,1791577308347727957
9.745229721069336,0.16800294816493988,-3.0572848261933196,1791577308377295952
9.723115921020508,0.1656416654586792,-2.99945589360031,1791577308444188431
9.708054542541504,0.16335587203502655,-2.9616574874488175,1791577308488941076
9.691495895385742,0.15993966162204742,-2.9200763869931907,1791577308537911711
9.67466926574707,0.15595643222332,-2.877632839800288,1791577308587891536
9.657801628112793,0.15124638378620148,-2.8349686050643177,1791577308638895973
9.642641067504883,0.14622512459754944,-2.797162569484109,1791577308684885068
9.622269630432129,0.13822470605373383,-2.7458861544725117,1791577308747685678
9.612675666809082,0.13427606225013733,-2.722271218301241,1791577308777073447
9.591753959655762,0.12382084131240845,-2.670406164863279,1791577308845044412
9.578516006469727,0.1170305609703064,-2.636402826585221,1791577308888939764
9.563209533691406,0.10843358188867569,-2.5970797693918652,1791577308938925328
9.548462867736816,0.0991886556148529,-2.559573627474545,1791577308987934406
9.534425735473633,0.08983191102743149,-2.522304298243014,1791577309035914624
9.519988059997559,0.079395592212677,-2.4836520431288527,1791577309085897371
9.50811767578125,0.07010240852832794,-2.451403403282233,1791577309128466038
9.49467658996582,0.05883541330695152,-2.41343570408225,1791577309177528665
9.4769926071167,0.04228146746754646,-2.364139127211993,1791577309245932505
9.466458320617676,0.03173103183507919,-2.3331359121861945,1791577309288946393
9.454507827758789,0.018746644258499146,-2.2980255993840526,1791577309337890796
9.442764282226562,0.005087750498205423,-2.2633938032091585,1791577309388899337
9.43191909790039,-0.008352300152182579,-2.229579039013157,1791577309436955789
9.420945167541504,-0.02285832166671753,-2.1952190595799403,1791577309486887481
9.408124923706055,-0.04104527831077576,-2.1511340011324545,1791577309549695046
9.398874282836914,-0.05562175065279007,-2.118399117864281,1791577309596259982
9.389676094055176,-0.07109148800373077,-2.0849915737233897,1791577309646191845
9.38233470916748,-0.0844854786992073,-2.05806824545418,1791577309689974403
9.374312400817871,-0.10047517716884613,-2.025107815390279,1791577309738121781
9.366666793823242,-0.11679069697856903,-1.993220351047801,1791577309787915984
9.359618186950684,-0.13353672623634338,-1.961077078435301,1791577309837930251
9.353119850158691,-0.15011483430862427,-1.929432140741233,1791577309887122501
9.346046447753906,-0.170453742146492,-1.8914638155709245,1791577309947884361
9.342658042907715,-0.18086300790309906,-1.8733488636275533,1791577309978133244
9.335596084594727,-0.2055954784154892,-1.830185803149636,1791577310048171490
9.332077980041504,-0.21958450973033905,-1.8054043952128436,1791577310088960956
9.328082084655762,-0.23757652938365936,-1.774970858573779,1791577310138333155
9.324761390686035,-0.2553619146347046,-1.7444160721990476,1791577310188918766
9.322014808654785,-0.2737039029598236,-1.7147979247527578,1791577310237987781
9.319846153259277,-0.29190587997436523,-1.6844908342576543,1791577310288537296
9.31856632232666,-0.30647993087768555,-1.6611104078238952,1791577310328420790
9.317075729370117,-0.33216357231140137,-1.6205111801284082,1791577310397567451
9.316615104675293,-0.350974977016449,-1.5911385833996057,1791577310448359390
9.316679000854492,-0.36575090885162354,-1.5681429008004417,1791577310488462301
9.31716251373291,-0.38437071442604065,-1.5401836985241164,1791577310540487893
9.318342208862305,-0.4029073715209961,-1.5129366346079032,1791577310587020113
9.319788932800293,-0.4214966893196106,-1.4827463860052903,1791577310637039778
9.321876525878906,-0.4404289424419403,-1.453576702439917,1791577310687989297
9.323738098144531,-0.4546785056591034,-1.4304609235630108,1791577310728691457
9.32685375213623,-0.4729102849960327,-1.4038943134097381,1791577310778703757
9.331867218017578,-0.49851876497268677,-1.366191519851229,1791577310848084274
9.335195541381836,-0.5132965445518494,-1.3451423398855764,1791577310888012695
9.340048789978027,-0.5314540863037109,-1.3198681779433488,1791577310938068103
9.345107078552246,-0.549444854259491,-1.2939514885976702,1791577310987919774
9.350824356079102,-0.5675304532051086,-1.2673413993775988,1791577311037920532
9.356897354125977,-0.5855705738067627,-1.2400563297066802,1791577311087981234
9.364788055419922,-0.6070160269737244,-1.2077242818600946,1791577311147154236
9.372045516967773,-0.6247586607933044,-1.1815479221346008,1791577311198696192
9.379615783691406,-0.6421329975128174,-1.154894705280769,1791577311248000515
9.386205673217773,-0.6558374762535095,-1.1350293362423662,1791577311288951000
9.394538879394531,-0.6727549433708191,-1.1100462609252217,1791577311338921935
9.403380393981934,-0.6893139481544495,-1.0863085187300012,1791577311387922195
9.412676811218262,-0.7057096362113953,-1.062042802323336,1791577311438928636
9.422219276428223,-0.7220860123634338,-1.0361796078318968,1791577311487996708
9.433722496032715,-0.740471363067627,-1.0079155450536723,1791577311545504243
9.445001602172852,-0.7574399709701538,-0.9820665745471502,1791577311598023559
9.456144332885742,-0.7730900645256042,-0.957845336738276,1791577311647981119
9.465185165405273,-0.7855504751205444,-0.9382174367991589,1791577311688953727
9.477538108825684,-0.8015614748001099,-0.9130044805731978,1791577311741925277
9.488080024719238,-0.8143292665481567,-0.8924668594139503,1791577311784921993
9.500356674194336,-0.8291828632354736,-0.8701158073466116,1791577311834899870
9.513214111328125,-0.8434339761734009,-0.8472678036109546,1791577311883979957
9.528987884521484,-0.8601940274238586,-0.8200923307630563,1791577311944074307
9.53824520111084,-0.8695071935653687,-0.8044799027653998,1791577311978538789
9.557243347167969,-0.888428270816803,-0.7725628038599703,1791577312048161558
9.568559646606445,-0.8990101218223572,-0.7540985905320757,1791577312088954763
9.582856178283691,-0.9116562008857727,-0.7310877404330205,1791577312138925155
9.597522735595703,-0.9241169691085815,-0.7086623583974728,1791577312188925394
9.612412452697754,-0.9362834692001343,-0.6860906282172219,1791577312238926117
9.627828598022461,-0.9482975006103516,-0.6644654318431149,1791577312288994610
9.640215873718262,-0.957399845123291,-0.6474344076745281,1791577312328666359
9.66250991821289,-0.9732334613800049,-0.6170930165785833,1791577312398958671
9.672024726867676,-0.9796296954154968,-0.6054654429159767,1791577312428189662
9.691762924194336,-0.9925571084022522,-0.580476908790137,1791577312488959469
9.708287239074707,-1.002850890159607,-0.5599668174460984,1791577312538925475
9.725289344787598,-1.0128822326660156,-0.5387269682142157,1791577312588961064
9.741989135742188,-1.0222264528274536,-0.517214727996286,1791577312638954750
9.757841110229492,-1.030957818031311,-0.49750836047815933,1791577312684060551
9.780158996582031,-1.0422431230545044,-0.4707738714635823,1791577312748957031
9.797693252563477,-1.0508393049240112,-0.449822719039217,1791577312798949170
9.80821704864502,-1.0555825233459473,-0.43762830966932353,1791577312828093710
9.829622268676758,-1.0649462938308716,-0.41439430203542743,1791577312888048377
9.84762954711914,-1.0724384784698486,-0.3956915643514109,1791577312938246370
9.865715026855469,-1.0793975591659546,-0.376613821685954,1791577312988060358
9.883955955505371,-1.0861760377883911,-0.35702166702437954,1791577313039171161
9.901285171508789,-1.0919299125671387,-0.3395277812418519,1791577313084047226
9.925358772277832,-1.0999828577041626,-0.31491554622437207,1791577313148141480
9.936753273010254,-1.1034830808639526,-0.30355036755217535,1791577313178626267
9.955696105957031,-1.1088539361953735,-0.2829110479000809,1791577313228084152
9.978450775146484,-1.1148674488067627,-0.25938944089158444,1791577313288259887
9.997464179992676,-1.1192153692245483,-0.2387326217845819,1791577313338004285
10.0167236328125,-1.1235045194625854,-0.21946446930812066,1791577313387413267
10.034547805786133,-1.127126932144165,-0.2005709334182294,1791577313434300514
10.054174423217773,-1.1307339668273926,-0.182862336121555,1791577313485124878
10.071087837219238,-1.133538842201233,-0.16707927145060564,1791577313528790954
10.090801239013672,-1.1364376544952393,-0.148562731940744,1791577313578807031
10.117559432983398,-1.1399682760238647,-0.12206702145563061,1791577313645990109
10.134119033813477,-1.1417286396026611,-0.10656108000488337,1791577313688966470
10.153860092163086,-1.143345832824707,-0.088045767473668,1791577313738973297
10.173589706420898,-1.1447831392288208,-0.06935159078504216,1791577313788932211
10.192584991455078,-1.1456307172775269,-0.05298289104181254,1791577313836944032
10.212261199951172,-1.1464098691940308,-0.035696446055460164,1791577313886343042
10.229063987731934,-1.146537184715271,-0.021344546190576453,1791577313928932754
10.255943298339844,-1.1464576721191406,0.002616781863601706,1791577313997397374
10.275594711303711,-1.1458410024642944,0.020371190044214487,1791577314047946547
10.292119026184082,-1.145017147064209,0.03448779489580203,1791577314089934574
10.311749458312988,-1.1439990997314453,0.051264829949236104,1791577314137989491
10.331652641296387,-1.1426342725753784,0.06821660893460221,1791577314188941741
10.351603507995605,-1.14097261428833,0.08516466389775613,1791577314238937350
10.371472358703613,-1.1389163732528687,0.10251072533000641,1791577314288139712
10.387335777282715,-1.1369925737380981,0.11598149820274592,1791577314328403921
10.406783103942871,-1.1340206861495972,0.13244717686633925,1791577314378411764
10.434144973754883,-1.1294751167297363,0.1549295717806524,1791577314448958435
10.449411392211914,-1.126725196838379,0.16780135507447685,1791577314488087106
10.469542503356934,-1.122842788696289,0.18329456931666646,1791577314539078264
10.489060401916504,-1.1188949346542358,0.19982180736899882,1791577314588043191
10.50853157043457,-1.1144684553146362,0.21628484812612356,1791577314638002822
10.527567863464355,-1.1097720861434937,0.23282725801306733,1791577314688568858
10.54342269897461,-1.1058263778686523,0.2462861780775361,1791577314728793375
10.562722206115723,-1.1006830930709839,0.262801959792683,1791577314779411071
10.589849472045898,-1.0928179025650024,0.28354121661996823,1791577314849315995
10.605080604553223,-1.0881378650665283,0.2953076200379028,1791577314888013314
10.624248504638672,-1.0821202993392944,0.31086000296244076,1791577314939093366
10.642900466918945,-1.0756548643112183,0.325013912717019,1791577314988154075
10.661856651306152,-1.0689510107040405,0.3410072972229836,1791577315038318791
10.68036937713623,-1.0620542764663696,0.3565114146804258,1791577315088951408
10.695423126220703,-1.0560688972473145,0.3694025872480914,1791577315128222709
10.713981628417969,-1.048667073249817,0.38621996130266895,1791577315178848868
10.739605903625488,-1.0375299453735352,0.409427251918596,1791577315248113639
10.753893852233887,-1.030956506729126,0.42227053594896685,1791577315288971464
10.771921157836914,-1.0227224826812744,0.4391530371453482,1791577315338950207
10.789501190185547,-1.013861894607544,0.45557473512801533,1791577315388934853
10.807497024536133,-1.0048209428787231,0.472620715686364,1791577315438947701
10.824742317199707,-0.995387613773346,0.48764922079660733,1791577315488946677
10.838539123535156,-0.9878162741661072,0.4995511196027345,1791577315529715306
10.862813949584961,-0.9739466309547424,0.5206350902641795,1791577315598196357
10.879881858825684,-0.9637433886528015,0.5386805858651041,1791577315648063096
10.89326000213623,-0.9554702639579773,0.5517686235437091,1791577315689928214
10.909869194030762,-0.9446654915809631,0.5686320901969233,1791577315738965003
10.926483154296875,-0.933788001537323,0.5856600695561899,1791577315788938947
10.942708015441895,-0.9225478172302246,0.6043055875461436,1791577315837991050
10.95838451385498,-0.9111270308494568,0.6220940721491495,1791577315888916395
10.970930099487305,-0.9015930891036987,0.6364231714394456,1791577315930254433
10.986457824707031,-0.8896191716194153,0.6531038485089858,1791577315978526521
11.007726669311523,-0.872456967830658,0.6776699934815161,1791577316048932904
11.01972770690918,-0.8623948693275452,0.6921704042159972,1791577316088067627
11.034417152404785,-0.8496471643447876,0.7088460201443577,1791577316138918575
11.049285888671875,-0.8363364934921265,0.7277181521297624,1791577316188949040
11.063811302185059,-0.8228788375854492,0.7454910411334459,1791577316238955582
11.07779598236084,-0.8093667030334473,0.7647921052453389,1791577316288951428
11.094440460205078,-0.7926563620567322,0.7864319289454709,1791577316348396312
11.102730751037598,-0.7841907143592834,0.7978969631017216,1791577316378666542
11.115910530090332,-0.7697705626487732,0.8173133315702713,1791577316428489261
11.131628036499023,-0.7523024678230286,0.8414039197853627,1791577316488950496
11.144314765930176,-0.7374629974365234,0.8605599890536717,1791577316538974206
11.156601905822754,-0.7222499251365662,0.8782194300995153,1791577316588923134
11.168732643127441,-0.7071399092674255,0.8976491973573136,1791577316638924437
11.180696487426758,-0.6913996338844299,0.9169209789125227,1791577316689976499
11.194294929504395,-0.672713577747345,0.9404336655210522,1791577316748440774
11.205629348754883,-0.6565693616867065,0.9609190940040775,1791577316798342068
11.216582298278809,-0.6400885581970215,0.9809884395643474,1791577316848436961
11.225109100341797,-0.6270437240600586,0.9974899379790044,1791577316888978478
11.23515796661377,-0.6105398535728455,1.0168489340633218,1791577316938917983
11.245023727416992,-0.5938819050788879,1.0351501151761846,1791577316988950727
11.254312515258789,-0.5771443843841553,1.0547385773407922,1791577317038926068
11.262659072875977,-0.5613406300544739,1.0729806004973579,1791577317083984224
11.273762702941895,-0.5395351648330688,1.100287969469985,1791577317148505800
11.278717994689941,-0.5291260480880737,1.1123110394010978,1791577317178219420
11.289297103881836,-0.5061652064323425,1.139416360638242,1791577317244597838
11.296191215515137,-0.49041733145713806,1.1588771474171984,1791577317288978492
11.303430557250977,-0.4727877080440521,1.1807413879805186,1791577317338970651
11.310440063476562,-0.45479291677474976,1.2025336436849603,1791577317388962125
11.316911697387695,-0.43648937344551086,1.222267589999668,1791577317439975679
11.322680473327637,-0.41926953196525574,1.2422326795098186,1791577317485019953
11.327625274658203,-0.40365952253341675,1.2606555709896816,1791577317528862533
11.332801818847656,-0.38559144735336304,1.2819952470801335,1791577317578237655
11.339603424072266,-0.3605560064315796,1.3105995109013395,1791577317645253732
11.343502044677734,-0.34451648592948914,1.3296296954421862,1791577317687987225
11.347601890563965,-0.32573041319847107,1.3528869482533896,1791577317738975113
11.351293563842773,-0.30701902508735657,1.3757176087532441,1791577317788925554
11.354513168334961,-0.28928884863853455,1.3982360767908892,1791577317835954117
11.357197761535645,-0.27007684111595154,1.422092711328427,1791577317886009191
11.359332084655762,-0.2542157769203186,1.4426750731128055,1791577317927998954
11.361024856567383,-0.23550060391426086,1.4662737215898756,1791577317978088911
11.362625122070312,-0.21659578382968903,1.489106547962686,1791577318027989633
11.363779067993164,-0.1937033236026764,1.5159909344323796,1791577318088958397
11.36410140991211,-0.1746739149093628,1.538899027165311,1791577318138940835
11.364283561706543,-0.15589405596256256,1.5632137126815941,1791577318189194998
11.36375617980957,-0.13773386180400848,1.5863766597312465,1791577318236974704
11.363065719604492,-0.11843045055866241,1.611466439181512,1791577318287926623
11.362129211425781,-0.10263141244649887,1.6321884957734574,1791577318329157740
11.360444068908691,-0.08384000509977341,1.6570322398042512,1791577318379298484
11.357585906982422,-0.0582306906580925,1.6906772952246456,1791577318447081950
11.355226516723633,-0.04256957396864891,1.7123429545614914,1791577318489975809
11.352275848388672,-0.02422555722296238,1.7376775793163293,1791577318538956250
11.348474502563477,-0.006009113974869251,1.762059036149356,1791577318588040535
11.344663619995117,0.011678289622068405,1.7882234890237767,1791577318638964241
11.34013843536377,0.02985643595457077,1.8132458457936949,1791577318688415759
11.336163520812988,0.04413987696170807,1.8344810893774897,1791577318728016281
11.330809593200684,0.0623880997300148,1.862476507969462,1791577318779531173
11.322577476501465,0.08703065663576126,1.9004393401548831,1791577318848032600
11.317336082458496,0.10109688341617584,1.9219785273701608,1791577318888128818
11.310518264770508,0.11837480217218399,1.948875371637872,1791577318938531727
11.303224563598633,0.13519065082073212,1.9763890414241942,1791577318988289311
11.295592308044434,0.15200263261795044,2.005244661202156,1791577319038527517
11.287445068359375,0.16854393482208252,2.032181308973865,1791577319088441084
11.28060531616211,0.18149757385253906,2.0539016371024528,1791577319128441441
11.2716064453125,0.19765494763851166,2.0823125864597767,1791577319179332845
11.25844669342041,0.21953901648521423,2.121698384049262,1791577319249065605
11.250630378723145,0.23171769082546234,2.1448363165771083,1791577319288061796
11.240325927734375,0.2469538301229477,2.17518196304863,1791577319339343204
11.229705810546875,0.26179638504981995,2.2058286374092555,1791577319388486794
11.218552589416504,0.2762429118156433,2.2361605077517535,1791577319438500963
11.207305908203125,0.290060818195343,2.2662862565754143,1791577319488934654
11.192631721496582,0.30655333399772644,2.3009544493486533,1791577319548104436
11.185345649719238,0.3145475387573242,2.3185923042066316,1791577319578277262
11.167434692382812,0.3326425552368164,2.362462035310721,1791577319648345241
11.156936645507812,0.34250378608703613,2.386311544553537,1791577319688943012
11.14373779296875,0.3545842170715332,2.4173104187299987,1791577319737988893
11.12973403930664,0.3663831353187561,2.4482288776155636,1791577319788942478
11.115649223327637,0.37778201699256897,2.480947103188695,1791577319838970943
11.10122013092041,0.38871708512306213,2.5148830112943648,1791577319888944507
11.089637756347656,0.3970705270767212,2.542485385743123,1791577319929137669
11.074529647827148,0.407035231590271,2.5754000942609303,1791577319978634992
11.053157806396484,0.41993215680122375,2.6222548808060098,1791577320048966859
11.040753364562988,0.42685964703559875,2.6485553250356433,1791577320088994813
11.025208473205566,0.4347410202026367,2.682952939374695,1791577320138940259
11.009211540222168,0.442300409078598,2.7168712567501503,1791577320187984993
10.992441177368164,0.4495760500431061,2.7519219114985773,1791577320238939037
10.976349830627441,0.45579466223716736,2.787060282135072,1791577320288938305
10.962881088256836,0.46088436245918274,2.8178286484325774,1791577320330261701
10.945999145507812,0.46614861488342285,2.852197700042923,1791577320378109307
10.921529769897461,0.4727846384048462,2.9048964894980935,1791577320449177559
10.907722473144531,0.47603026032447815,2.933915637196531,1791577320487993147
10.890378952026367,0.4794389605522156,2.9707357787121818,1791577320538059846
10.873307228088379,0.48229357600212097,3.0085618357121415,1791577320588945312
10.85739803314209,0.4843042492866516,3.0414528801473764,1791577320634974452
10.839996337890625,0.48603934049606323,3.0791382771836617,1791577320685945202
10.823014259338379,0.4866785705089569,3.115569831280185,1791577320733325671
10.80225658416748,0.4869847595691681,-3.119890928704008,1791577320794672884
10.785033226013184,0.4866105318069458,-3.080500356128547,1791577320844613401
10.767723083496094,0.48515835404396057,-3.0422017426853407,1791577320893000430
10.750718116760254,0.4833122491836548,-3.002278544742907,1791577320943970036
10.736858367919922,0.48144298791885376,-2.969817395637253,1791577320983962947
10.720348358154297,0.4783119857311249,-2.9282748747291967,1791577321033943864
10.703950881958008,0.4742996394634247,-2.8870077172367026,1791577321083940385
10.687600135803223,0.4699530005455017,-2.8451151953419047,1791577321133006274
10.671649932861328,0.46463337540626526,-2.8024225055384897,1791577321183277011
10.658711433410645,0.4599206745624542,-2.7684626706723985,1791577321223468534
10.637145042419434,0.4507748782634735,-2.7082777437434413,1791577321293967724
10.621792793273926,0.44328561425209045,-2.6642820320339005,1791577321342998993
10.609691619873047,0.4369942843914032,-2.628821922644551,1791577321383964665
10.595198631286621,0.4283677041530609,-2.5837364358449464,1791577321433944448
10.581218719482422,0.4195416271686554,-2.533729567884463,1791577321485941957
10.56827449798584,0.4100511372089386,-2.488132998471334,1791577321533432860
10.555044174194336,0.39934056997299194,-2.443322286593741,1791577321583723208
10.54507827758789,0.390816867351532,-2.406301418971887,1791577321623247649
10.528769493103027,0.37508323788642883,-2.340208503450698,1791577321692988113
10.518123626708984,0.36319175362586975,-2.294787895300105,1791577321743175605
10.509888648986816,0.3534936010837555,-2.2569862440908324,1791577321783105295
10.499760627746582,0.3407246768474579,-2.2067480224404683,1791577321834093168
10.490607261657715,0.32765278220176697,-2.1566700598485036,1791577321884086061
10.480586051940918,0.3114788234233856,-2.096914108081522,1791577321943878818
10.474652290344238,0.30070412158966064,-2.0550728665058493,1791577321983669653
10.466140747070312,0.28328466415405273,-1.9893938605508465,1791577322045900884
10.46140193939209,0.27083897590637207,-1.9450700563395178,1791577322088270243
10.45612907409668,0.25628769397735596,-1.8908376356230787,1791577322139139351
10.451698303222656,0.241550475358963,-1.8367119186909246,1791577322189009527
10.448541641235352,0.2275659292936325,-1.7863474328883537,1791577322235997978
10.44582748413086,0.21248015761375427,-1.7321657460273872,1791577322286306647
10.444292068481445,0.19975782930850983,-1.6877854941532113,1791577322328104310
10.442703247070312,0.17900390923023224,-1.6112759056560806,1791577322396965631
10.442517280578613,0.16383060812950134,-1.5557573013042596,1791577322446914100
10.44330883026123,0.1508312225341797,-1.5085618212966707,1791577322489114590
10.444681167602539,0.13603787124156952,-1.4498744467469182,1791577322539130151
10.446476936340332,0.12168215215206146,-1.3862040907074435,1791577322590131138
10.449304580688477,0.10842946171760559,-1.3262438738881561,1791577322636205975
10.453912734985352,0.09171780943870544,-1.2451230575371526,1791577322699143089
10.456665992736816,0.08385322988033295,-1.205522404956893,1791577322729075051
10.464173316955566,0.06637806445360184,-1.117533123062645,1791577322797969145
10.467945098876953,0.05834468826651573,-1.0734514651214713,1791577322830213078
10.476451873779297,0.04409594461321831,-0.9936938786725809,1791577322889151292
10.48403549194336,0.03297064080834389,-0.9253004638191099,1791577322939145730
10.492473602294922,0.022633366286754608,-0.8558712119869605,1791577322988203851
10.501724243164062,0.012546713463962078,-0.7836174872235394,1791577323038065373
10.51122760772705,0.003462492721155286,-0.71068743168827,1791577323088566108
10.51938247680664,-0.002829143311828375,-0.6504992130069972,1791577323128128927
10.529685020446777,-0.010534822940826416,-0.5732718256042478,1791577323179205235
10.545068740844727,-0.019104376435279846,-0.46803782926389076,1791577323248524978
10.554326057434082,-0.02335446886718273,-0.4058222596189931,1791577323288241432
10.56525707244873,-0.028239337727427483,-0.32248767706683107,1791577323339314694
10.577094078063965,-0.031739529222249985,-0.24133598672441414,1791577323388524329
10.589622497558594,-0.03395336866378784,-0.16653779406590885,1791577323438768997
10.602400779724121,-0.03597705811262131,-0.08712886028420867,1791577323489050610
10.613089561462402,-0.03638328239321709,-0.029545335294841053,1791577323528301826
10.626654624938965,-0.03650646656751633,0.047166495722261066,1791577323579187210
10.645689964294434,-0.03483552485704422,0.14764976238455646,1791577323649355520
10.656588554382324,-0.03302501514554024,0.20379604243608765,1791577323689430618
10.670218467712402,-0.02985059842467308,0.27338003413268636,1791577323740548597
10.683135032653809,-0.0256304070353508,0.33851641959548917,1791577323788061290
10.696232795715332,-0.020791951566934586,0.4066664843439765,1791577323838130854
10.70926570892334,-0.014874977059662342,0.47160101650016073,1791577323889049420
10.719328880310059,-0.009514004923403263,0.522616671422405,1791577323928181539
10.731685638427734,-0.0021410100162029266,0.5870469863112521,1791577323978528307
10.748448371887207,0.009775051847100258,0.6784438981348379,1791577324049007869
10.757668495178223,0.017262475565075874,0.7285547304054317,1791577324088984327
10.768220901489258,0.027427852153778076,0.7888608738283035,1791577324138104619
10.778244018554688,0.03814535215497017,0.8493352203637103,1791577324188960659
10.787542343139648,0.04958882927894592,0.9070757303640069,1791577324238044951
10.79606819152832,0.06148846819996834,0.9640157153517255,1791577324288031698
10.80563735961914,0.07670052349567413,1.0322438772856595,1791577324348294739
10.810178756713867,0.0845530554652214,1.0658572612407853,1791577324378401068
10.819676399230957,0.10383787751197815,1.144185993778015,1791577324448992533
10.824566841125488,0.11535049974918365,1.1881568685707713,1791577324489049830
10.829599380493164,0.12990975379943848,1.2428272574254697,1791577324537985161
10.834200859069824,0.1447107195854187,1.2970593176191982,1791577324588091505
10.838170051574707,0.1602625846862793,1.3508252302189934,1791577324639235418
10.841023445129395,0.17570510506629944,1.401358610779977,1791577324689498263
10.843114852905273,0.18837276101112366,1.4435285260426312,1791577324730209389
10.844260215759277,0.2041800618171692,1.4933370574338345,1791577324779777088
10.845064163208008,0.22688408195972443,1.5613772039116516,1791577324849650679
10.844963073730469,0.23966115713119507,1.6011869982736768,1791577324889015750
10.843997955322266,0.2556804418563843,1.6485367064439456,1791577324938129722
10.842424392700195,0.272011399269104,1.6979197475669705,1791577324989135675
10.839836120605469,0.2883636951446533,1.7463037362190572,1791577325039104120
10.83647632598877,0.3044281005859375,1.7954762212055067,1791577325089467619
10.833295822143555,0.3172829747200012,1.833747879426143,1791577325129508619
10.826292037963867,0.33943289518356323,1.8959572553964485,1791577325199683189
10.820568084716797,0.35508206486701965,1.9429776041204274,1791577325249776808
10.8154935836792,0.36730995774269104,1.9794574505172833,1791577325289181858
10.808588027954102,0.3824315369129181,2.023849952818183,1791577325339127895
10.800695419311523,0.3972041606903076,2.065728558068692,1791577325388098336
10.792374610900879,0.4121701121330261,2.1092544249013914,1791577325439108102
10.783300399780273,0.4266390800476074,2.1540715132563952,1791577325490241834
10.771536827087402,0.44345206022262573,2.2037386932949268,1791577325549075005
10.761251449584961,0.45712825655937195,2.24762736899345,1791577325599433696
10.754914283752441,0.46502408385276794,2.272486824130357,1791577325628631249
10.7407808303833,0.48059141635894775,2.3212579778758418,1791577325689023321
10.728759765625,0.4931413233280182,2.362222814707197,1791577325739150146
10.716180801391602,0.5049176216125488,2.4022663063381557,1791577325788155042
10.703302383422852,0.5164358019828796,2.441857262639598,1791577325838084909
10.690817832946777,0.526603102684021,2.4773869096435637,1791577325884476830
10.67866325378418,0.5359895825386047,2.5136081272075748,1791577325929328280
10.658294677734375,0.5500306487083435,2.5666899066667197,1791577325999852762
10.644570350646973,0.5587620735168457,2.6030624146375554,1791577326045789441
10.631235122680664,0.5666205286979675,2.6368630343744086,1791577326089164894
10.615407943725586,0.5750126838684082,2.6751614178063465,1791577326138240233
10.599381446838379,0.5829898118972778,2.7148255894422326,1791577326189004133
10.5830078125,0.5900249481201172,2.7506759640972795,1791577326240118895
10.567779541015625,0.5960667729377747,2.783339792333524,1791577326286109930
10.553374290466309,0.6012568473815918,2.813151079946135,1791577326329632508
10.536235809326172,0.6066145896911621,2.847830813957719,1791577326378295925
10.519022941589355,0.6116569638252258,2.883739223246748,1791577326429399706
10.497936248779297,0.6166540384292603,2.9259686114773307,1791577326489505782
10.480318069458008,0.6201987862586975,2.959527959514936,1791577326539110545
10.462380409240723,0.6231846213340759,2.994993939161772,1791577326588018923
10.445084571838379,0.6254639029502869,3.0285875813459535,1791577326636021771
10.427468299865723,0.627277135848999,3.0631413502889333,1791577326687060413
10.404890060424805,0.6284692287445068,3.1058881341201303,1791577326749880311
10.394207000732422,0.6288070678710938,3.125394820586955,1791577326779475464
10.370118141174316,0.6284806132316589,-3.113711353815769,1791577326846141855
10.354371070861816,0.6276034712791443,-3.086542845039331,1791577326888997801
10.336445808410645,0.6262636184692383,-3.0550258028805284,1791577326938199672
10.318323135375977,0.6242703795433044,-3.0219037537361304,1791577326988993782
10.300607681274414,0.6217872500419617,-2.9903414149478196,1791577327036994132
10.282578468322754,0.6185020208358765,-2.959235621281748,1791577327087337531
10.267645835876465,0.6155978441238403,-2.9311788348181307,1791577327130014148
10.249731063842773,0.6112682819366455,-2.9005987746194224,1791577327180394785
10.231812477111816,0.6063590049743652,-2.8695736507771294,1791577327231332259
10.210572242736816,0.5998964905738831,-2.832968675506783,1791577327290029881
10.193293571472168,0.593733549118042,-2.8039808915381768,1791577327339153623
10.176599502563477,0.5873908996582031,-2.776008786539309,1791577327388246231
10.159710884094238,0.5804140567779541,-2.747731121570633,1791577327438287743
10.14279556274414,0.5729219913482666,-2.717619142023579,1791577327488198526
10.129283905029297,0.5665842890739441,-2.6927878999808534,1791577327529387322
10.112651824951172,0.5581048130989075,-2.6636031002275162,1791577327579139667
10.096535682678223,0.5492063760757446,-2.635250868821052,1791577327629504503
10.077288627624512,0.5377392172813416,-2.600580605410969,1791577327689699873
10.061469078063965,0.5276899933815002,-2.572993287053067,1791577327739909817
10.046154975891113,0.5172330141067505,-2.54528953991522,1791577327788078018
10.031270027160645,0.5065258741378784,-2.5185083067068543,1791577327839848661
10.016369819641113,0.49514853954315186,-2.491454196816485,1791577327889097391
10.004684448242188,0.4857383668422699,-2.4703481014977013,1791577327929006630
9.984673500061035,0.4689032733440399,-2.43293255189173,1791577327998739812
9.976164817810059,0.4612772762775421,-2.4181459652641726,1791577328028093694
9.959380149841309,0.4456968903541565,-2.3866019700543877,1791577328089251304
9.945866584777832,0.432461678981781,-2.359099276964983,1791577328140175181
9.932952880859375,0.4186682403087616,-2.334415145567022,1791577328188003315
9.920426368713379,0.4049578905105591,-2.3077678535010855,1791577328237996044
9.907984733581543,0.39054369926452637,-2.2822738153722115,1791577328289945817
9.898571014404297,0.3790285885334015,-2.2616424866870486,1791577328329362376
9.886832237243652,0.3639836311340332,-2.2370712598315485,1791577328379223888
9.871289253234863,0.3426782488822937,-2.203138812996731,1791577328449020938
9.862648963928223,0.33021482825279236,-2.1842065846068466,1791577328488982325
9.852005958557129,0.3140116035938263,-2.15819607789201,1791577328540027479
9.841657638549805,0.297708660364151,-2.1346601523916697,1791577328587981081
9.831804275512695,0.2811238169670105,-2.1099557232829,1791577328637999731
9.822396278381348,0.26450490951538086,-2.0847395305864236,1791577328688993021
9.8149995803833,0.2507873475551605,-2.065445024050731,1791577328729662654
9.806554794311523,0.23356986045837402,-2.042707091355117,1791577328779355323
9.795173645019531,0.20947329699993134,-2.0095966477646505,1791577328849007467
9.78907299041748,0.19561249017715454,-1.9913812623295613,1791577328889104812
9.78161334991455,0.17779888212680817,-1.9681765710321735,1791577328938981367
9.774872779846191,0.1600622832775116,-1.945800547831087,1791577328988002041
9.76832389831543,0.14195510745048523,-1.9224553243806224,1791577329039975355
9.762081146240234,0.12374816834926605,-1.8991999832896374,1791577329089011323
9.75728702545166,0.10883890092372894,-1.8804049718754845,1791577329130620551
9.751960754394531,0.09026619046926498,-1.858616588407171,1791577329178789770
9.744962692260742,0.06395603716373444,-1.8269270863305662,1791577329249277537
9.741631507873535,0.048955511301755905,-1.809286069392506,1791577329289160183
9.73764705657959,0.030199090018868446,-1.7886261522404137,1791577329338012532
9.733957290649414,0.011050064116716385,-1.7670526548690388,1791577329387984145
9.730867385864258,-0.008039327338337898,-1.745893836717062,1791577329439005832
9.727807998657227,-0.027169417589902878,-1.724550819021317,1791577329489037142
9.725885391235352,-0.042765602469444275,-1.708740452881926,1791577329529582019
9.723690032958984,-0.061995986849069595,-1.6864404200996204,1791577329579401650
9.721275329589844,-0.08940049260854721,-1.6566177905490573,1791577329649932149
9.720297813415527,-0.1047464907169342,-1.6388212130228332,1791577329689137918
9.719261169433594,-0.124437615275383,-1.6176255743881744,1791577329739005541
9.718842506408691,-0.1440185010433197,-1.5977249456779732,1791577329789027777
9.718766212463379,-0.16378070414066315,-1.5783400164919463,1791577329838983671
9.719139099121094,-0.18308550119400024,-1.5594908560545349,1791577329889114294
9.719574928283691,-0.19875140488147736,-1.5442824492936051,1791577329929482619
9.720704078674316,-0.21859119832515717,-1.525361128185083,1791577329979132634
9.721837043762207,-0.23805083334445953,-1.5045939549595413,1791577330029182128
9.724127769470215,-0.2616431713104248,-1.4803203769260072,1791577330089016850
9.726284980773926,-0.28121376037597656,-1.460719798363614,1791577330139039635
9.72879695892334,-0.300960510969162,-1.4408073414383566,1791577330189015929
9.731748580932617,-0.32054048776626587,-1.4206197669837517,1791577330238989925
9.734807014465332,-0.33848538994789124,-1.402685477107704,1791577330285321846
9.738245010375977,-0.3552483022212982,-1.3860219403039626,1791577330329808691
9.742012977600098,-0.37457555532455444,-1.3674639605152774,1791577330379043481
9.747995376586914,-0.3997479975223541,-1.343517471971181,1791577330445003957
9.752370834350586,-0.41661566495895386,-1.3278121915334982,1791577330489033653
9.757370948791504,-0.43544116616249084,-1.3097689367030003,1791577330538981165
9.762982368469238,-0.4548589289188385,-1.2910446929134913,1791577330589150872
9.768953323364258,-0.4737508296966553,-1.2720996609456752,1791577330640213004
9.77498722076416,-0.49171292781829834,-1.254194260969051,1791577330686206335
9.783147811889648,-0.5152486562728882,-1.2310377613565038,1791577330749583922
9.787298202514648,-0.5264517068862915,-1.219933337045262,1791577330778989464
9.794499397277832,-0.5448999404907227,-1.2019116160228636,1791577330829124228
9.803450584411621,-0.5670069456100464,-1.179525036021703,1791577330889109695
9.811548233032227,-0.5852316617965698,-1.162911769704609,1791577330939144438
9.819700241088867,-0.6032488346099854,-1.1455681840374958,1791577330989312668
9.827571868896484,-0.6200964450836182,-1.128644179916274,1791577331036170899
9.836612701416016,-0.6380861401557922,-1.110718917146597,1791577331086428966
9.84445858001709,-0.6533424258232117,-1.095268203831867,1791577331129694509
9.853962898254395,-0.6709272861480713,-1.0774248869165435,1791577331179086032
9.863726615905762,-0.6884836554527283,-1.0596664755820473,1791577331229419373
9.875935554504395,-0.7091366648674011,-1.0399350711716224,1791577331289126672
9.886262893676758,-0.7261756062507629,-1.0235297832133947,1791577331339116727
9.897012710571289,-0.7431964874267578,-1.0068124304863022,1791577331390114246
9.907610893249512,-0.7593176960945129,-0.990696146179512,1791577331437016032
9.918635368347168,-0.7753181457519531,-0.9751669242080536,1791577331487011242
9.928608894348145,-0.7892674207687378,-0.9608627004483153,1791577331530235934
9.944757461547852,-0.8112631440162659,-0.9401556355046936,1791577331598441509
9.952438354492188,-0.8215696215629578,-0.9293858182329606,1791577331631876141
9.96712875366211,-0.8404452204704285,-0.9104809085526654,1791577331689031103
9.97958755493164,-0.8560901284217834,-0.8937859992759726,1791577331740375712
9.992385864257812,-0.8714299201965332,-0.8781544648439534,1791577331789441221
10.005719184875488,-0.886857271194458,-0.8633778177814785,1791577331839438810
10.019144058227539,-0.901854932308197,-0.8473869416689145,1791577331889511241
10.029728889465332,-0.9134659171104431,-0.8348447698065611,1791577331929821301
10.043793678283691,-0.9280270934104919,-0.8199409075436734,1791577331979733716
10.057967185974121,-0.9424769878387451,-0.8042398540405336,1791577332029247184
10.0750732421875,-0.9595563411712646,-0.7850388361268391,1791577332089211277
10.089191436767578,-0.9732774496078491,-0.7673243117847007,1791577332140842834
10.103912353515625,-0.9870684742927551,-0.7510478919383072,1791577332189068295
10.118719100952148,-1.0006054639816284,-0.733159173368524,1791577332239377156
10.145916938781738,-1.0238127708435059,-0.7027169009150517,1791577332329333541
10.161337852478027,-1.036304235458374,-0.6865212651386209,1791577332380153600
10.183197975158691,-1.0533956289291382,-0.665056172719105,1791577332449235226
10.195995330810547,-1.0629953145980835,-0.6526578862316846,1791577332489264234
10.211995124816895,-1.0747815370559692,-0.6352406398459944,1791577332540322755
10.228081703186035,-1.0863434076309204,-0.6194740550468822,1791577332589225272
10.244780540466309,-1.0976366996765137,-0.6032346932351603,1791577332639168335
10.261277198791504,-1.108659029006958,-0.5867735696922175,1791577332689606715
10.274633407592773,-1.1173174381256104,-0.5727729108752221,1791577332729604959
10.291362762451172,-1.1277222633361816,-0.5546730804545251,1791577332779846192
10.315105438232422,-1.1416816711425781,-0.5304255589570598,1791577332849289991
10.328865051269531,-1.1493372917175293,-0.5165561499652394,1791577332889087401
10.346138954162598,-1.1587539911270142,-0.500058827861466,1791577332939039668
10.363592147827148,-1.167820930480957,-0.4839858720296952,1791577332989102082
10.381490707397461,-1.1766242980957031,-0.4683572114171571,1791577333039020925
10.399221420288086,-1.1852912902832031,-0.45067069693220696,1791577333090118104
10.413662910461426,-1.1917935609817505,-0.4360937654457234,1791577333129994753
10.431344032287598,-1.1993871927261353,-0.4171034647059891,1791577333179375165
10.457123756408691,-1.2103195190429688,-0.3928172276368496,1791577333249147736
10.471708297729492,-1.2161227464675903,-0.3768472904538586,1791577333290155885
10.490192413330078,-1.2230703830718994,-0.3570548084367431,1791577333339018117
10.508480072021484,-1.2295634746551514,-0.3377487891094055,1791577333389020231
10.526912689208984,-1.2358325719833374,-0.31947297353487336,1791577333439036435
10.545524597167969,-1.2414286136627197,-0.3004241810091335,1791577333489112243
10.560644149780273,-1.24594247341156,-0.2845451223342101,1791577333530996123
10.579410552978516,-1.250878930091858,-0.26666646261326454,1791577333579804905
10.606097221374512,-1.2574249505996704,-0.24024281905498987,1791577333649465370
10.621224403381348,-1.2607414722442627,-0.22488457501588432,1791577333689125714
10.64049243927002,-1.2646468877792358,-0.20551041195968356,1791577333739102148
10.659425735473633,-1.2681812047958374,-0.18570145196185492,1791577333789177334
10.678702354431152,-1.271447777748108,-0.16481554047102157,1791577333839060817
10.698138236999512,-1.2741434574127197,-0.14542981623039136,1791577333889203649
10.713576316833496,-1.2759923934936523,-0.12933395435234088,1791577333929652940
10.740327835083008,-1.278670310974121,-0.10167001750922251,1791577333999748639
10.75182819366455,-1.2795664072036743,-0.0897991151136303,1791577334029805461
10.775110244750977,-1.2811335325241089,-0.0658515877445332,1791577334089082368
10.79427433013916,-1.2819859981536865,-0.04498697747412408,1791577334140278837
10.813422203063965,-1.282191514968872,-0.024056502609227943,1791577334189186040
10.832667350769043,-1.28220534324646,-0.002454706050897751,1791577334239128772
10.852189064025879,-1.2818461656570435,0.019037243147004248,1791577334290236873
10.86750602722168,-1.2811188697814941,0.03551740013273164,1791577334329183957
10.894770622253418,-1.2795906066894531,0.06413813752939783,1791577334399536534
10.913898468017578,-1.277931571006775,0.08486822569559381,1791577334451106087
10.928950309753418,-1.2764811515808105,0.10072341061406902,1791577334489070215
10.948225021362305,-1.2739919424057007,0.12186192630285389,1791577334539232301
10.96677017211914,-1.2711213827133179,0.14322059865180858,1791577334589137782
10.98559856414795,-1.267962098121643,0.1643161406375218,1791577334639221301
11.003056526184082,-1.2647134065628052,0.1831879889960656,1791577334685972398
11.01950740814209,-1.2614582777023315,0.20168699917575605,1791577334729958483
11.045638084411621,-1.2554422616958618,0.23290863351798405,1791577334799319240
11.056453704833984,-1.252656102180481,0.24667344281703057,1791577334829382387
11.078178405761719,-1.2466310262680054,0.27475805039227447,1791577334889136792
11.096395492553711,-1.241004228591919,0.296608001362622,1791577334939104447
11.114585876464844,-1.235007405281067,0.3206186584226804,1791577334989202231
11.132004737854004,-1.228794813156128,0.3435630290570667,1791577335040231092
11.148589134216309,-1.2224180698394775,0.3646550186938016,1791577335086276963
11.170492172241211,-1.2132759094238281,0.3927646444293432,1791577335149637069
11.180792808532715,-1.2088780403137207,0.40699225062587396,1791577335179633709
11.198139190673828,-1.2008308172225952,0.43099843366369006,1791577335229534607
11.21853256225586,-1.1908947229385376,0.4609325388900552,1791577335289268508
11.235455513000488,-1.1819875240325928,0.4865933345249434,1791577335339195024
11.251788139343262,-1.172900915145874,0.5125129689215654,1791577335389092846
11.26736068725586,-1.163782000541687,0.5377726067908677,1791577335437152198
11.282975196838379,-1.1536668539047241,0.5622316611665946,1791577335487690245
11.296259880065918,-1.145055890083313,0.5833681978572638,1791577335529218830
11.31175422668457,-1.134311556816101,0.6090165600254184,1791577335579954823
11.326884269714355,-1.1231878995895386,0.6344759979983763,1791577335629547727
11.341229438781738,-1.1121822595596313,0.6593366963132058,1791577335677724951
11.359090805053711,-1.0974266529083252,0.6919991959431261,1791577335739105712
11.373351097106934,-1.085131287574768,0.719091072810288,1791577335790051485
11.386523246765137,-1.0729962587356567,0.7443746738348053,1791577335837063944
11.399730682373047,-1.0604941844940186,0.7727737611084202,1791577335887234427
11.41098690032959,-1.0492591857910156,0.7950714164085063,1791577335930132725
11.423661231994629,-1.0355780124664307,0.821203213487417,1791577335980429735
11.440252304077148,-1.0167393684387207,0.858233017582648,1791577336048897758
11.449854850769043,-1.0050104856491089,0.8817172433850833,1791577336090543618
11.460824012756348,-0.9909940361976624,0.9083954742113327,1791577336139786435
11.471710205078125,-0.976355791091919,0.936065483467276,1791577336189958616
11.482064247131348,-0.9615659713745117,0.9647777922879089,1791577336238980612
11.49211597442627,-0.9463140368461609,0.9933036243875663,1791577336289047471
11.49976921081543,-0.9340255260467529,1.0165213863079086,1791577336329105330
11.509116172790527,-0.9183913469314575,1.0465275607257882,1791577336381618835
11.521356582641602,-0.89574134349823,1.086283963772508,1791577336449385447
11.527945518493652,-0.8824548125267029,1.110491990793671,1791577336489470974
11.535660743713379,-0.8661075234413147,1.141549019302245,1791577336540502163
11.542686462402344,-0.8496443629264832,1.1702160164944666,1791577336589531439
11.5493745803833,-0.8330588340759277,1.20077741436129,1791577336639934339
11.555391311645508,-0.8160504102706909,1.2301630392538547,1791577336689628274
11.560090065002441,-0.80246502161026,1.2540220803920037,1791577336729484731
11.565443992614746,-0.7852595448493958,1.286841904267524,1791577336780068256
11.571890830993652,-0.7608238458633423,1.3312747921205235,1791577336849443698
11.575167655944824,-0.7468572854995728,1.3580465182041737,1791577336889165160
11.578790664672852,-0.7290852665901184,1.3916463585058028,1791577336940247584
11.58162784576416,-0.7117494344711304,1.4237278571527607,1791577336989199764
11.583983421325684,-0.6938999891281128,1.4574552621228072,1791577337039160204
11.5857515335083,-0.676169753074646,1.4905045557422218,1791577337090116388
11.586669921875,-0.6620402932167053,1.5161458065870486,1791577337130221413
11.587272644042969,-0.6371840238571167,1.5611710480146366,1791577337199188147
11.587258338928223,-0.6268269419670105,1.5815854994951006,1791577337229069981
11.586746215820312,-0.6055906414985657,1.6234420131465201,1791577337289113177
11.585611343383789,-0.5878817439079285,1.6583038010834532,1791577337339211483
11.583736419677734,-0.5700434446334839,1.6941424091054282,1791577337389180316
11.581286430358887,-0.5524885058403015,1.7306149629963297,1791577337439168823
11.57825756072998,-0.5351079106330872,1.7654262179625404,1791577337489136927
11.575295448303223,-0.5212089419364929,1.7958470573765426,1791577337530077056
11.571208000183105,-0.5042623281478882,1.83215943964325,1791577337579852929
11.566363334655762,-0.4871845245361328,1.8688444855803052,1791577337629104973
11.55998420715332,-0.4675801992416382,1.9138415969968656,1791577337690051275
11.553813934326172,-0.4513559341430664,1.9516128456285566,1791577337739219009
11.547090530395508,-0.43534761667251587,1.9895704997993593,1791577337789159241
11.539958953857422,-0.41968825459480286,2.0295697475383387,1791577337839051219
11.532249450683594,-0.40445002913475037,2.070663374209758,1791577337888991548
11.525748252868652,-0.3921494781970978,2.104208442992089,1791577337931099193
11.513097763061523,-0.37176018953323364,2.158079056962026,1791577337999550795
11.503400802612305,-0.3577452301979065,2.1975107871049238,1791577338049590035
11.495111465454102,-0.3466986119747162,2.2294399841770836,1791577338089057392
11.484503746032715,-0.33375629782676697,2.2705168575932744,1791577338139267159
11.473676681518555,-0.32116928696632385,2.312240091279126,1791577338189098472
11.461809158325195,-0.3089113235473633,2.353411754807994,1791577338239040617
11.449831008911133,-0.29709190130233765,2.3970467790429346,1791577338289991113
11.439936637878418,-0.2883390486240387,2.4318157414620702,1791577338329217214
11.427054405212402,-0.2777073085308075,2.476581353618431,1791577338379097568
11.40847396850586,-0.2637314796447754,2.5392524259619838,1791577338450724777
11.397337913513184,-0.25658300518989563,2.5746252147079614,1791577338489306777
11.383432388305664,-0.24796707928180695,2.620461436597675,1791577338539022490
11.368952751159668,-0.24032312631607056,2.665807430232928,1791577338589075881
11.354628562927246,-0.2331739366054535,2.7127986303940124,1791577338639042763
11.339591026306152,-0.22653315961360931,2.7612502507501566,1791577338691053152
11.327683448791504,-0.2225562483072281,2.7982585270243585,1791577338729021220
11.312154769897461,-0.21738490462303162,2.8471358109274396,1791577338779542964
11.29694938659668,-0.21331585943698883,2.896340385463582,1791577338829258416
11.278702735900879,-0.20937052369117737,2.9556851502525014,1791577338889056727
11.263011932373047,-0.20695629715919495,3.0065917691873407,1791577338939073214
11.24736213684082,-0.20526836812496185,3.058707480543138,1791577338989071011
11.231704711914062,-0.20445728302001953,3.1111392941827343,1791577339039034300
11.217578887939453,-0.2045738846063614,-3.123422861905679,1791577339084992863
11.204154014587402,-0.2052767127752304,-3.0769603131973526,1791577339129064907
11.189068794250488,-0.20682114362716675,-3.022969505459536,1791577339179406918
11.169698715209961,-0.20995023846626282,-2.949568719493853,1791577339245147003
11.156883239746094,-0.2127983272075653,-2.900525796019206,1791577339289076766
11.142580032348633,-0.21684753894805908,-2.843976215833005,1791577339339033119
11.128615379333496,-0.2216685712337494,-2.7866265642048047,1791577339389023111
11.115178108215332,-0.22684544324874878,-2.7242464850841097,1791577339440074519
